ID,Name,Repository,Stars,LOC,Stars_Group
1,netbeans-mavenutils-nbm-maven-harness,https://github.com/apache/netbeans-mavenutils-nbm-maven-harness.git,1,129,1.0
2,jsecurity,https://github.com/apache/jsecurity.git,4,254,1.0
3,netbeans-mavenutils-archetype-netbeans-platform-app-archetype,https://github.com/apache/netbeans-mavenutils-archetype-netbeans-platform-app-archetype.git,2,255,1.0
4,sling-org-apache-sling-launchpad-test-fragment,https://github.com/apache/sling-org-apache-sling-launchpad-test-fragment.git,1,383,1.0
5,sling-org-apache-sling-models-caconfig,https://github.com/apache/sling-org-apache-sling-models-caconfig.git,1,439,1.0
6,sling-adapter-annotations,https://github.com/apache/sling-adapter-annotations.git,2,467,1.0
7,sling-org-apache-sling-commons-messaging,https://github.com/apache/sling-org-apache-sling-commons-messaging.git,2,521,1.0
8,sling-taglib-archetype,https://github.com/apache/sling-taglib-archetype.git,2,531,1.0
9,sling-org-apache-sling-commons-content-analyzing,https://github.com/apache/sling-org-apache-sling-commons-content-analyzing.git,1,536,1.0
10,sling-org-apache-sling-commons-content-processing,https://github.com/apache/sling-org-apache-sling-commons-content-processing.git,1,538,1.0
11,sling-org-apache-sling-jcr-resourcesecurity,https://github.com/apache/sling-org-apache-sling-jcr-resourcesecurity.git,1,565,1.0
12,sling-org-apache-sling-launchpad-api,https://github.com/apache/sling-org-apache-sling-launchpad-api.git,2,571,1.0
13,sling-org-apache-sling-bnd-plugins,https://github.com/apache/sling-org-apache-sling-bnd-plugins.git,1,574,1.0
14,sling-org-apache-sling-jcr-repository-it-resource-versioning,https://github.com/apache/sling-org-apache-sling-jcr-repository-it-resource-versioning.git,1,585,1.0
15,sling-org-apache-sling-bnd-plugin-headers-parameters-remove,https://github.com/apache/sling-org-apache-sling-bnd-plugin-headers-parameters-remove.git,1,585,1.0
16,sling-org-apache-sling-contentparser-testutils,https://github.com/apache/sling-org-apache-sling-contentparser-testutils.git,1,618,1.0
17,sling-org-apache-sling-feature-inventoryprinter,https://github.com/apache/sling-org-apache-sling-feature-inventoryprinter.git,1,625,1.0
18,sling-org-apache-sling-hc-it,https://github.com/apache/sling-org-apache-sling-hc-it.git,3,628,1.0
19,sling-org-apache-sling-validation-test-services,https://github.com/apache/sling-org-apache-sling-validation-test-services.git,1,641,1.0
20,sling-bundle-archetype,https://github.com/apache/sling-bundle-archetype.git,2,657,1.0
21,sling-jcrinstall-bundle-archetype,https://github.com/apache/sling-jcrinstall-bundle-archetype.git,1,663,1.0
22,sling-org-apache-sling-caconfig-bnd-plugin,https://github.com/apache/sling-org-apache-sling-caconfig-bnd-plugin.git,2,666,1.0
23,sling-org-apache-sling-commons-cache-container-test,https://github.com/apache/sling-org-apache-sling-commons-cache-container-test.git,1,677,1.0
24,sling-org-apache-sling-karaf-launchpad-oak-tar-integration-tests,https://github.com/apache/sling-org-apache-sling-karaf-launchpad-oak-tar-integration-tests.git,1,678,1.0
25,sling-org-apache-sling-auth-xing-api,https://github.com/apache/sling-org-apache-sling-auth-xing-api.git,1,689,1.0
26,sling-org-apache-sling-commons-johnzon,https://github.com/apache/sling-org-apache-sling-commons-johnzon.git,1,694,1.0
27,sling-org-apache-sling-feature-karaf,https://github.com/apache/sling-org-apache-sling-feature-karaf.git,2,696,1.0
28,sling-org-apache-sling-commons-logservice,https://github.com/apache/sling-org-apache-sling-commons-logservice.git,1,702,1.0
29,sling-org-apache-sling-installer-hc,https://github.com/apache/sling-org-apache-sling-installer-hc.git,2,720,1.0
30,sling-org-apache-sling-junit-healthcheck,https://github.com/apache/sling-org-apache-sling-junit-healthcheck.git,2,734,1.0
31,sling-org-apache-sling-urlrewriter,https://github.com/apache/sling-org-apache-sling-urlrewriter.git,2,741,1.0
32,sling-org-apache-sling-installer-factory-deploymentpackage,https://github.com/apache/sling-org-apache-sling-installer-factory-deploymentpackage.git,1,742,1.0
33,sling-org-apache-sling-tooling-support-install,https://github.com/apache/sling-org-apache-sling-tooling-support-install.git,1,752,1.0
34,sling-org-apache-sling-extensions-classloader-leak-detector,https://github.com/apache/sling-org-apache-sling-extensions-classloader-leak-detector.git,2,754,1.0
35,sling-org-apache-sling-jobs-it-services,https://github.com/apache/sling-org-apache-sling-jobs-it-services.git,1,758,1.0
36,sling-org-apache-sling-feature-applicationbuilder,https://github.com/apache/sling-org-apache-sling-feature-applicationbuilder.git,1,788,1.0
37,sling-org-apache-sling-commons-threaddump,https://github.com/apache/sling-org-apache-sling-commons-threaddump.git,2,791,1.0
38,sling-org-apache-sling-feature-extension-content,https://github.com/apache/sling-org-apache-sling-feature-extension-content.git,2,798,1.0
39,sling-org-apache-sling-jcr-packageinit,https://github.com/apache/sling-org-apache-sling-jcr-packageinit.git,1,818,1.0
40,netbeans-mavenutils-nbm-shared,https://github.com/apache/netbeans-mavenutils-nbm-shared.git,1,821,1.0
41,sling-org-apache-sling-validation-examples,https://github.com/apache/sling-org-apache-sling-validation-examples.git,1,824,1.0
42,sling-org-apache-sling-caconfig-api,https://github.com/apache/sling-org-apache-sling-caconfig-api.git,3,825,1.0
43,sling-org-apache-sling-mom,https://github.com/apache/sling-org-apache-sling-mom.git,2,843,1.0
44,sling-org-apache-sling-jcr-webconsole,https://github.com/apache/sling-org-apache-sling-jcr-webconsole.git,1,843,1.0
45,sling-org-apache-sling-contentparser-api,https://github.com/apache/sling-org-apache-sling-contentparser-api.git,1,861,1.0
46,sling-org-apache-sling-bnd-models,https://github.com/apache/sling-org-apache-sling-bnd-models.git,3,865,1.0
47,sling-org-apache-sling-nosql-couchbase-client,https://github.com/apache/sling-org-apache-sling-nosql-couchbase-client.git,1,867,1.0
48,sling-org-apache-sling-jobs-it,https://github.com/apache/sling-org-apache-sling-jobs-it.git,1,880,1.0
49,sling-org-apache-sling-hc-support,https://github.com/apache/sling-org-apache-sling-hc-support.git,1,895,1.0
50,sling-org-apache-sling-testing-email,https://github.com/apache/sling-org-apache-sling-testing-email.git,1,897,1.0
51,sling-org-apache-sling-launchpad-startupmanager,https://github.com/apache/sling-org-apache-sling-launchpad-startupmanager.git,1,904,1.0
52,sling-org-apache-sling-jcr-davex,https://github.com/apache/sling-org-apache-sling-jcr-davex.git,2,913,1.0
53,sling-org-apache-sling-installer-factory-packages,https://github.com/apache/sling-org-apache-sling-installer-factory-packages.git,1,914,1.0
54,sling-org-apache-sling-resource-presence,https://github.com/apache/sling-org-apache-sling-resource-presence.git,1,917,1.0
55,dubbo-serializtion-gson,https://github.com/apache/dubbo-serialization-gson.git,2,918,1.0
56,sling-org-apache-sling-scripting-jsp-taglib-compat,https://github.com/apache/sling-org-apache-sling-scripting-jsp-taglib-compat.git,1,924,1.0
57,sling-org-apache-sling-hc-junit-bridge,https://github.com/apache/sling-org-apache-sling-hc-junit-bridge.git,1,924,1.0
58,accumulo-instamo-archetype,https://github.com/apache/accumulo-instamo-archetype.git,3,940,1.0
59,sling-org-apache-sling-hc-samples,https://github.com/apache/sling-org-apache-sling-hc-samples.git,3,980,1.0
60,sling-org-apache-sling-installer-factory-subsystems-base,https://github.com/apache/sling-org-apache-sling-installer-factory-subsystems-base.git,1,990,1.0
61,commons-signing,https://github.com/apache/commons-signing.git,1,991,1.0
62,sling-org-apache-sling-feature-r2f,https://github.com/apache/sling-org-apache-sling-feature-r2f.git,1,1000,1.0
63,dubbo-rpc-jsonrpc,https://github.com/apache/dubbo-rpc-jsonrpc.git,186,1000,1.0
64,sling-org-apache-sling-nosql-couchbase-resourceprovider,https://github.com/apache/sling-org-apache-sling-nosql-couchbase-resourceprovider.git,1,1000,1.0
65,sling-org-apache-sling-nosql-mongodb-resourceprovider,https://github.com/apache/sling-org-apache-sling-nosql-mongodb-resourceprovider.git,2,1000,1.0
66,sling-org-apache-sling-discovery-api,https://github.com/apache/sling-org-apache-sling-discovery-api.git,1,1000,1.0
67,sling-org-apache-sling-distribution-kryo-serializer,https://github.com/apache/sling-org-apache-sling-distribution-kryo-serializer.git,1,1100,1.0
68,sling-org-apache-sling-distribution-sample,https://github.com/apache/sling-org-apache-sling-distribution-sample.git,5,1100,1.0
69,fineract-cn-async,https://github.com/apache/fineract-cn-async.git,2,1100,1.0
70,sling-org-apache-sling-commons-contentdetection,https://github.com/apache/sling-org-apache-sling-commons-contentdetection.git,1,1100,1.0
71,sling-org-apache-sling-discovery-standalone,https://github.com/apache/sling-org-apache-sling-discovery-standalone.git,1,1100,1.0
72,sling-org-apache-sling-models-validation-impl,https://github.com/apache/sling-org-apache-sling-models-validation-impl.git,1,1100,1.0
73,sling-org-apache-sling-scripting-spi,https://github.com/apache/sling-org-apache-sling-scripting-spi.git,1,1100,1.0
74,sling-org-apache-sling-contentparser-xml,https://github.com/apache/sling-org-apache-sling-contentparser-xml.git,1,1100,1.0
75,sling-org-apache-sling-javax-activation,https://github.com/apache/sling-org-apache-sling-javax-activation.git,2,1100,1.0
76,sling-org-apache-sling-oak-restrictions,https://github.com/apache/sling-org-apache-sling-oak-restrictions.git,1,1100,1.0
77,sling-org-apache-sling-tooling-support-source,https://github.com/apache/sling-org-apache-sling-tooling-support-source.git,1,1100,1.0
78,sling-org-apache-sling-launchpad-installer,https://github.com/apache/sling-org-apache-sling-launchpad-installer.git,3,1100,1.0
79,sling-org-apache-sling-resource-inventory,https://github.com/apache/sling-org-apache-sling-resource-inventory.git,1,1100,1.0
80,sling-org-apache-sling-jcr-presence,https://github.com/apache/sling-org-apache-sling-jcr-presence.git,1,1100,1.0
81,sling-org-apache-sling-adapter-annotations,https://github.com/apache/sling-org-apache-sling-adapter-annotations.git,2,1100,1.0
82,sling-org-apache-sling-installer-console,https://github.com/apache/sling-org-apache-sling-installer-console.git,1,1100,1.0
83,sling-org-apache-sling-extensions-webconsolesecurityprovider,https://github.com/apache/sling-org-apache-sling-extensions-webconsolesecurityprovider.git,1,1200,1.0
84,fineract-cn-default-setup,https://github.com/apache/fineract-cn-default-setup.git,2,1200,1.0
85,sling-org-apache-sling-jcr-jackrabbit-base,https://github.com/apache/sling-org-apache-sling-jcr-jackrabbit-base.git,1,1200,1.0
86,sling-org-apache-sling-featureflags,https://github.com/apache/sling-org-apache-sling-featureflags.git,2,1200,1.0
87,sling-org-apache-sling-caconfig-integration-tests,https://github.com/apache/sling-org-apache-sling-caconfig-integration-tests.git,1,1200,1.0
88,sling-org-apache-sling-contentparser-xml-jcr,https://github.com/apache/sling-org-apache-sling-contentparser-xml-jcr.git,1,1200,1.0
89,sling-org-apache-sling-paxexam-util,https://github.com/apache/sling-org-apache-sling-paxexam-util.git,1,1200,1.0
90,sling-org-apache-sling-installer-factory-model,https://github.com/apache/sling-org-apache-sling-installer-factory-model.git,1,1300,1.0
91,sling-org-apache-sling-jcr-registration,https://github.com/apache/sling-org-apache-sling-jcr-registration.git,1,1300,1.0
92,sling-org-apache-sling-auth-xing-oauth,https://github.com/apache/sling-org-apache-sling-auth-xing-oauth.git,1,1300,1.0
93,sling-org-apache-sling-jcr-filetransfer,https://github.com/apache/sling-org-apache-sling-jcr-filetransfer.git,1,1300,1.0
94,sling-launchpad-comparator,https://github.com/apache/sling-launchpad-comparator.git,1,1300,1.0
95,sling-servlet-archetype,https://github.com/apache/sling-servlet-archetype.git,1,1300,1.0
96,sling-org-apache-sling-auth-xing-login,https://github.com/apache/sling-org-apache-sling-auth-xing-login.git,1,1400,1.0
97,sling-org-apache-sling-installer-provider-file,https://github.com/apache/sling-org-apache-sling-installer-provider-file.git,2,1400,1.0
98,sling-org-apache-sling-extensions-slf4j-mdc,https://github.com/apache/sling-org-apache-sling-extensions-slf4j-mdc.git,1,1400,1.0
99,sling-org-apache-sling-distribution-api,https://github.com/apache/sling-org-apache-sling-distribution-api.git,1,1400,1.0
100,dubbo-sentinel-support,https://github.com/apache/dubbo-sentinel-support.git,52,1400,1.0
101,sling-org-apache-sling-scripting-groovy,https://github.com/apache/sling-org-apache-sling-scripting-groovy.git,1,1400,1.0
102,sling-org-apache-sling-validation-api,https://github.com/apache/sling-org-apache-sling-validation-api.git,1,1400,1.0
103,sling-org-apache-sling-testing-caconfig-mock-plugin,https://github.com/apache/sling-org-apache-sling-testing-caconfig-mock-plugin.git,1,1400,1.0
104,sling-org-apache-sling-commons-clam,https://github.com/apache/sling-org-apache-sling-commons-clam.git,2,1500,1.0
105,sling-org-apache-sling-distribution-journal-messages,https://github.com/apache/sling-org-apache-sling-distribution-journal-messages.git,2,1500,1.0
106,sling-org-apache-sling-discovery-support,https://github.com/apache/sling-org-apache-sling-discovery-support.git,1,1500,1.0
107,sling-org-apache-sling-tail,https://github.com/apache/sling-org-apache-sling-tail.git,2,1500,1.0
108,sling-org-apache-sling-distribution-avro-serializer,https://github.com/apache/sling-org-apache-sling-distribution-avro-serializer.git,1,1500,1.0
109,sling-org-apache-sling-resourcecollection,https://github.com/apache/sling-org-apache-sling-resourcecollection.git,2,1500,1.0
110,sling-feature-launcher-maven-plugin,https://github.com/apache/sling-feature-launcher-maven-plugin.git,1,1500,1.0
111,sling-org-apache-sling-junit-remote,https://github.com/apache/sling-org-apache-sling-junit-remote.git,1,1500,1.0
112,sling-org-apache-sling-serviceuser-webconsole,https://github.com/apache/sling-org-apache-sling-serviceuser-webconsole.git,1,1500,1.0
113,sling-org-apache-sling-contentparser-json,https://github.com/apache/sling-org-apache-sling-contentparser-json.git,1,1600,1.0
114,sling-org-apache-sling-testing-hamcrest,https://github.com/apache/sling-org-apache-sling-testing-hamcrest.git,2,1600,1.0
115,sling-org-apache-sling-junit-scriptable,https://github.com/apache/sling-org-apache-sling-junit-scriptable.git,1,1600,1.0
116,isis-app-helloworld,https://github.com/apache/isis-app-helloworld.git,2,1600,1.0
117,turbine-fulcrum-crypto,https://github.com/apache/turbine-fulcrum-crypto.git,1,1600,1.0
118,sling-org-apache-sling-event-dea,https://github.com/apache/sling-org-apache-sling-event-dea.git,1,1600,1.0
119,turbine-fulcrum-upload,https://github.com/apache/turbine-fulcrum-upload.git,1,1700,1.0
120,sling-org-apache-sling-feature-diff,https://github.com/apache/sling-org-apache-sling-feature-diff.git,1,1700,1.0
121,predictionio-template-java-ecom-recommender,https://github.com/apache/predictionio-template-java-ecom-recommender.git,37,1700,1.0
122,sling-org-apache-sling-resourceaccesssecurity,https://github.com/apache/sling-org-apache-sling-resourceaccesssecurity.git,2,1700,1.0
123,sling-org-apache-sling-commons-metrics-rrd4j,https://github.com/apache/sling-org-apache-sling-commons-metrics-rrd4j.git,1,1700,1.0
124,sling-org-apache-sling-reqanalyzer,https://github.com/apache/sling-org-apache-sling-reqanalyzer.git,3,1700,1.0
125,fineract-cn-data-jpa,https://github.com/apache/fineract-cn-data-jpa.git,2,1800,1.0
126,sling-org-apache-sling-mongodb,https://github.com/apache/sling-org-apache-sling-mongodb.git,3,1800,1.0
127,sling-org-apache-sling-settings,https://github.com/apache/sling-org-apache-sling-settings.git,4,1800,1.0
128,sling-org-apache-sling-feature-apiregions-model,https://github.com/apache/sling-org-apache-sling-feature-apiregions-model.git,1,1800,1.0
129,sling-org-apache-sling-models-jacksonexporter,https://github.com/apache/sling-org-apache-sling-models-jacksonexporter.git,1,1800,1.0
130,sling-org-apache-sling-commons-fsclassloader,https://github.com/apache/sling-org-apache-sling-commons-fsclassloader.git,1,1800,1.0
131,shardingsphere-elasticjob-example,https://github.com/apache/shardingsphere-elasticjob-example.git,193,1800,1.0
132,sling-org-apache-sling-jmx-provider,https://github.com/apache/sling-org-apache-sling-jmx-provider.git,2,1800,1.0
133,datasketches-memory16,https://github.com/apache/datasketches-memory16.git,2,1900,1.0
134,manifoldcf-integration-elasticsearch-5.5,https://github.com/apache/manifoldcf-integration-elasticsearch-5.5.git,1,1900,1.0
135,netbeans-mavenutils-nb-repository-plugin,https://github.com/apache/netbeans-mavenutils-nb-repository-plugin.git,1,1900,1.0
136,samza-beam-examples,https://github.com/apache/samza-beam-examples.git,6,1900,1.0
137,sling-org-apache-sling-jcr-api,https://github.com/apache/sling-org-apache-sling-jcr-api.git,2,1900,1.0
138,manifoldcf-integration-elasticsearch,https://github.com/apache/manifoldcf-integration-elasticsearch.git,1,1900,1.0
139,sling-org-apache-sling-installer-factory-feature,https://github.com/apache/sling-org-apache-sling-installer-factory-feature.git,1,1900,1.0
140,sling-org-apache-sling-scripting-api,https://github.com/apache/sling-org-apache-sling-scripting-api.git,1,1900,1.0
141,turbine-fulcrum-quartz,https://github.com/apache/turbine-fulcrum-quartz.git,1,1900,1.0
142,log4j-zeroconf,https://github.com/apache/log4j-zeroconf.git,5,2000,1.0
143,sling-org-apache-sling-resourcebuilder,https://github.com/apache/sling-org-apache-sling-resourcebuilder.git,2,2000,1.0
144,sling-org-apache-sling-distribution-journal-kafka,https://github.com/apache/sling-org-apache-sling-distribution-journal-kafka.git,1,2000,1.0
145,turbine-fulcrum-factory,https://github.com/apache/turbine-fulcrum-factory.git,1,2000,1.0
146,turbine-fulcrum-pool,https://github.com/apache/turbine-fulcrum-pool.git,1,2100,1.0
147,sling-org-apache-sling-hc-api,https://github.com/apache/sling-org-apache-sling-hc-api.git,1,2100,1.0
148,fineract-cn-service-starter,https://github.com/apache/fineract-cn-service-starter.git,2,2100,1.0
149,sling-org-apache-sling-tenant,https://github.com/apache/sling-org-apache-sling-tenant.git,2,2100,1.0
150,sling-org-apache-sling-servlets-annotations,https://github.com/apache/sling-org-apache-sling-servlets-annotations.git,2,2100,1.0
151,fineract-cn-crypto,https://github.com/apache/fineract-cn-crypto.git,3,2100,1.0
152,sling-org-apache-sling-resourceaccesssecurity-it,https://github.com/apache/sling-org-apache-sling-resourceaccesssecurity-it.git,1,2100,1.0
153,sling-org-apache-sling-commons-log-webconsole,https://github.com/apache/sling-org-apache-sling-commons-log-webconsole.git,2,2100,1.0
154,geronimo-genesis,https://github.com/apache/geronimo-genesis.git,2,2100,1.0
155,sling-org-apache-sling-connection-timeout-agent,https://github.com/apache/sling-org-apache-sling-connection-timeout-agent.git,1,2200,1.0
156,fineract-cn-command,https://github.com/apache/fineract-cn-command.git,3,2200,1.0
157,logging-log4j-audit-sample,https://github.com/apache/logging-log4j-audit-sample.git,6,2200,1.0
158,sling-org-apache-sling-caconfig-spi,https://github.com/apache/sling-org-apache-sling-caconfig-spi.git,1,2200,1.0
159,sling-org-apache-sling-hapi-client,https://github.com/apache/sling-org-apache-sling-hapi-client.git,2,2200,1.0
160,sling-org-apache-sling-commons-compiler,https://github.com/apache/sling-org-apache-sling-commons-compiler.git,1,2200,1.0
161,fineract-cn-cassandra,https://github.com/apache/fineract-cn-cassandra.git,2,2200,1.0
162,sling-org-apache-sling-datasource,https://github.com/apache/sling-org-apache-sling-datasource.git,3,2200,1.0
163,sling-org-apache-sling-superimposing,https://github.com/apache/sling-org-apache-sling-superimposing.git,2,2300,1.0
164,sling-org-apache-sling-commons-classloader,https://github.com/apache/sling-org-apache-sling-commons-classloader.git,3,2300,1.0
165,sling-org-apache-sling-feature-resolver,https://github.com/apache/sling-org-apache-sling-feature-resolver.git,1,2300,1.0
166,ant-easyant-buildtypes,https://github.com/apache/ant-easyant-buildtypes.git,2,2300,1.0
167,sling-org-apache-sling-testing-serversetup,https://github.com/apache/sling-org-apache-sling-testing-serversetup.git,3,2400,1.0
168,manifoldcf-integration-solr-3.x,https://github.com/apache/manifoldcf-integration-solr-3.x.git,1,2400,1.0
169,openwhisk-runtime-ballerina,https://github.com/apache/openwhisk-runtime-ballerina.git,7,2400,1.0
170,openwhisk-sample-matos,https://github.com/apache/openwhisk-sample-matos.git,2,2400,1.0
171,sling-org-apache-sling-junit-teleporter,https://github.com/apache/sling-org-apache-sling-junit-teleporter.git,1,2400,1.0
172,openwebbeans-peeco,https://github.com/apache/openwebbeans-peeco.git,1,2400,1.0
173,sling-org-apache-sling-event-api,https://github.com/apache/sling-org-apache-sling-event-api.git,1,2400,1.0
174,sling-org-apache-sling-installer-factory-configuration,https://github.com/apache/sling-org-apache-sling-installer-factory-configuration.git,2,2500,1.0
175,turbine-fulcrum-localization,https://github.com/apache/turbine-fulcrum-localization.git,1,2500,1.0
176,fineract-cn-api,https://github.com/apache/fineract-cn-api.git,4,2500,1.0
177,manifoldcf-integration-solr-6.x,https://github.com/apache/manifoldcf-integration-solr-6.x.git,1,2500,0.0
178,logging-log4j-boot,https://github.com/apache/logging-log4j-boots.git,4,2500,1.0
179,sling-htl-maven-plugin,https://github.com/apache/sling-htl-maven-plugin.git,2,2500,1.0
180,fineract-cn-template,https://github.com/apache/fineract-cn-template.git,7,2500,1.0
181,manifoldcf-integration-solr-7.x,https://github.com/apache/manifoldcf-integration-solr-7.x.git,2,2500,1.0
182,sling-org-apache-sling-junit-performance,https://github.com/apache/sling-org-apache-sling-junit-performance.git,1,2500,1.0
183,sling-org-apache-sling-jms,https://github.com/apache/sling-org-apache-sling-jms.git,3,2600,1.0
184,predictionio-sdk-java,https://github.com/apache/predictionio-sdk-java.git,108,2700,1.0
185,sling-org-apache-sling-jcr-oak-server,https://github.com/apache/sling-org-apache-sling-jcr-oak-server.git,2,2700,1.0
186,dolphinscheduler-maven-plugin,https://github.com/apache/dolphinscheduler-maven-plugin.git,7,2700,1.0
187,sling-org-apache-sling-security,https://github.com/apache/sling-org-apache-sling-security.git,5,2800,1.0
188,sling-org-apache-sling-starter,https://github.com/apache/sling-org-apache-sling-starter.git,15,2800,1.0
189,sling-org-apache-sling-distribution-it,https://github.com/apache/sling-org-apache-sling-distribution-it.git,1,2800,1.0
190,sling-kickstart-maven-plugin,https://github.com/apache/sling-kickstart-maven-plugin.git,1,2800,1.0
191,sling-org-apache-sling-file-optimization,https://github.com/apache/sling-org-apache-sling-file-optimization.git,1,2800,1.0
192,accumulo-maven-plugin,https://github.com/apache/accumulo-maven-plugin.git,5,2800,1.0
193,fineract-cn-permitted-feign-client,https://github.com/apache/fineract-cn-permitted-feign-client.git,2,2900,1.0
194,turbine-fulcrum-testcontainer,https://github.com/apache/turbine-fulcrum-testcontainer.git,1,2900,1.0
195,sling-org-apache-sling-testing-sling-mock-oak,https://github.com/apache/sling-org-apache-sling-testing-sling-mock-oak.git,3,2900,1.0
196,fineract-cn-test,https://github.com/apache/fineract-cn-test.git,3,2900,1.0
197,sling-org-apache-sling-commons-jcr-file,https://github.com/apache/sling-org-apache-sling-commons-jcr-file.git,1,3000,1.0
198,sling-org-apache-sling-nosql-generic,https://github.com/apache/sling-org-apache-sling-nosql-generic.git,2,3000,1.0
199,incubator-taverna-plugin-gis,https://github.com/apache/incubator-taverna-plugin-gis.git,3,3000,1.0
200,sling-org-apache-sling-scripting-sightly-runtime,https://github.com/apache/sling-org-apache-sling-scripting-sightly-runtime.git,1,3000,1.0
201,ant-easyant-tasks,https://github.com/apache/ant-easyant-tasks.git,3,3100,1.0
202,sling-org-apache-sling-serviceusermapper,https://github.com/apache/sling-org-apache-sling-serviceusermapper.git,2,3100,1.0
203,sling-org-apache-sling-hapi,https://github.com/apache/sling-org-apache-sling-hapi.git,2,3100,1.0
204,sling-org-apache-sling-models-api,https://github.com/apache/sling-org-apache-sling-models-api.git,2,3100,1.0
205,sling-org-apache-sling-scripting-sightly-testing,https://github.com/apache/sling-org-apache-sling-scripting-sightly-testing.git,1,3100,1.0
206,incubator-optiq-csv,https://github.com/apache/incubator-optiq-csv.git,2,3200,1.0
207,nifi-maven,https://github.com/apache/nifi-maven.git,17,3200,1.0
208,karaf-boot,https://github.com/apache/karaf-boot.git,8,3300,1.0
209,incubator-streampipes-examples,https://github.com/apache/incubator-streampipes-examples.git,2,3400,1.0
210,sling-org-apache-sling-cassandra,https://github.com/apache/sling-org-apache-sling-cassandra.git,2,3400,1.0
211,commons-testing,https://github.com/apache/commons-testing.git,5,3500,1.0
212,sling-org-apache-sling-jcr-classloader,https://github.com/apache/sling-org-apache-sling-jcr-classloader.git,2,3500,1.0
213,sling-project-archetype,https://github.com/apache/sling-project-archetype.git,4,3500,1.0
214,activemq-nms-openwire-generator,https://github.com/apache/activemq-nms-openwire-generator.git,2,3500,1.0
215,sling-org-apache-sling-scripting-freemarker,https://github.com/apache/sling-org-apache-sling-scripting-freemarker.git,3,3600,1.0
216,sling-org-apache-sling-feature-apiregions,https://github.com/apache/sling-org-apache-sling-feature-apiregions.git,2,3600,1.0
217,sling-org-apache-sling-feature-extension-apiregions,https://github.com/apache/sling-org-apache-sling-feature-extension-apiregions.git,1,3600,1.0
218,sling-org-apache-sling-distribution-journal-it,https://github.com/apache/sling-org-apache-sling-distribution-journal-it.git,1,3600,1.0
219,sling-org-apache-sling-adapter,https://github.com/apache/sling-org-apache-sling-adapter.git,2,3700,1.0
220,sling-org-apache-sling-scripting-thymeleaf,https://github.com/apache/sling-org-apache-sling-scripting-thymeleaf.git,2,3700,1.0
221,fineract-cn-lang,https://github.com/apache/fineract-cn-lang.git,3,3800,1.0
222,sling-org-apache-sling-installer-provider-jcr,https://github.com/apache/sling-org-apache-sling-installer-provider-jcr.git,3,3800,1.0
223,karaf-reactive-components,https://github.com/apache/karaf-reactive-components.git,1,3800,1.0
224,sling-org-apache-sling-resourcemerger,https://github.com/apache/sling-org-apache-sling-resourcemerger.git,2,3800,1.0
225,sling-org-apache-sling-tracer,https://github.com/apache/sling-org-apache-sling-tracer.git,2,3800,1.0
226,datasketches-server,https://github.com/apache/datasketches-server.git,1,3800,1.0
227,flink-playgrounds,https://github.com/apache/flink-playgrounds.git,238,3800,1.0
228,sling-org-apache-sling-commons-crypto,https://github.com/apache/sling-org-apache-sling-commons-crypto.git,1,3800,1.0
229,sling-org-apache-sling-testing-rules,https://github.com/apache/sling-org-apache-sling-testing-rules.git,3,3800,1.0
230,activemq-cli-tools,https://github.com/apache/activemq-cli-tools.git,7,3800,1.0
231,sling-org-apache-sling-clam,https://github.com/apache/sling-org-apache-sling-clam.git,2,3800,1.0
232,skywalking-kong,https://github.com/apache/skywalking-kong.git,14,3900,1.0
233,tomcat-jakartaee-migration,https://github.com/apache/tomcat-jakartaee-migration.git,48,3900,1.0
234,directory-fortress-realm,https://github.com/apache/directory-fortress-realm.git,4,4000,1.0
235,sling-org-apache-sling-feature-modelconverter,https://github.com/apache/sling-org-apache-sling-feature-modelconverter.git,1,4000,1.0
236,sling-org-apache-sling-jcr-webdav,https://github.com/apache/sling-org-apache-sling-jcr-webdav.git,2,4000,1.0
237,camel-kameleon,https://github.com/apache/camel-kameleon.git,24,4000,1.0
238,sling-org-apache-sling-feature-launcher,https://github.com/apache/sling-org-apache-sling-feature-launcher.git,5,4000,1.0
239,sling-org-apache-sling-jcr-contentparser,https://github.com/apache/sling-org-apache-sling-jcr-contentparser.git,1,4000,1.0
240,logging-log4j-tools,https://github.com/apache/logging-log4j-tools.git,8,4100,1.0
241,fineract-cn-demo-server,https://github.com/apache/fineract-cn-demo-server.git,20,4100,1.0
242,sling-org-apache-sling-performance,https://github.com/apache/sling-org-apache-sling-performance.git,2,4100,1.0
243,geronimo-safeguard,https://github.com/apache/geronimo-safeguard.git,5,4200,1.0
244,sling-org-apache-sling-commons-metrics,https://github.com/apache/sling-org-apache-sling-commons-metrics.git,2,4300,1.0
245,sling-org-apache-sling-auth-form,https://github.com/apache/sling-org-apache-sling-auth-form.git,5,4300,1.0
246,sling-org-apache-sling-jobs,https://github.com/apache/sling-org-apache-sling-jobs.git,4,4300,1.0
247,sling-org-apache-sling-testing-resourceresolver-mock,https://github.com/apache/sling-org-apache-sling-testing-resourceresolver-mock.git,1,4400,1.0
248,sling-org-apache-sling-commons-osgi,https://github.com/apache/sling-org-apache-sling-commons-osgi.git,1,4500,1.0
249,isis-app-demo,https://github.com/apache/isis-app-demo.git,1,4500,1.0
250,sling-org-apache-sling-commons-messaging-mail,https://github.com/apache/sling-org-apache-sling-commons-messaging-mail.git,2,4500,1.0
251,usergrid-qakka,https://github.com/apache/usergrid-qakka.git,2,4600,1.0
252,creadur-tentacles,https://github.com/apache/creadur-tentacles.git,2,4600,1.0
253,sling-org-apache-sling-scripting-xproc,https://github.com/apache/sling-org-apache-sling-scripting-xproc.git,2,4800,1.0
254,sling-org-apache-sling-commons-threads,https://github.com/apache/sling-org-apache-sling-commons-threads.git,6,4800,1.0
255,datasketches-vector,https://github.com/apache/datasketches-vector.git,11,4800,1.0
256,sling-org-apache-sling-bundleresource-impl,https://github.com/apache/sling-org-apache-sling-bundleresource-impl.git,1,4900,1.0
257,sling-org-apache-sling-scripting-sightly-js-provider,https://github.com/apache/sling-org-apache-sling-scripting-sightly-js-provider.git,1,4900,1.0
258,sling-org-apache-sling-scripting-sightly-compiler-java,https://github.com/apache/sling-org-apache-sling-scripting-sightly-compiler-java.git,1,4900,1.0
259,sling-org-apache-sling-dynamic-include,https://github.com/apache/sling-org-apache-sling-dynamic-include.git,16,5000,1.0
260,sling-org-apache-sling-scripting-console,https://github.com/apache/sling-org-apache-sling-scripting-console.git,1,5000,1.0
261,freemarker-online-tester,https://github.com/apache/freemarker-online-tester.git,54,5000,1.0
262,sling-jspc-maven-plugin,https://github.com/apache/sling-jspc-maven-plugin.git,2,5000,1.0
263,cordova-plugin-splashscreen,https://github.com/apache/cordova-plugin-splashscreen.git,618,5000,1.0
264,fineract-cn-payroll,https://github.com/apache/fineract-cn-payroll.git,7,5200,1.0
265,sling-org-apache-sling-i18n,https://github.com/apache/sling-org-apache-sling-i18n.git,5,5200,1.0
266,usergrid-android,https://github.com/apache/usergrid-android.git,10,5300,1.0
267,sling-feature-converter-maven-plugin,https://github.com/apache/sling-feature-converter-maven-plugin.git,1,5300,1.0
268,sling-org-apache-sling-kickstart,https://github.com/apache/sling-org-apache-sling-kickstart.git,3,5300,1.0
269,geronimo-config,https://github.com/apache/geronimo-config.git,15,5300,1.0
270,skywalking-oal-tool,https://github.com/apache/skywalking-oal-tool.git,8,5300,1.0
271,sling-scriptingbundle-maven-plugin,https://github.com/apache/sling-scriptingbundle-maven-plugin.git,2,5300,1.0
272,sling-maven-plugin,https://github.com/apache/sling-maven-plugin.git,4,5300,1.0
273,maven-repository-plugin,https://github.com/apache/maven-repository-plugin.git,1,5300,1.0
274,sling-org-apache-sling-auth-saml2,https://github.com/apache/sling-org-apache-sling-auth-saml2.git,3,5400,1.0
275,accumulo-classloaders,https://github.com/apache/accumulo-classloaders.git,2,5500,1.0
276,sling-org-apache-sling-testing-jcr-mock,https://github.com/apache/sling-org-apache-sling-testing-jcr-mock.git,1,5500,1.0
277,sling-org-apache-sling-repoinit-parser,https://github.com/apache/sling-org-apache-sling-repoinit-parser.git,4,5500,1.0
278,sling-org-apache-sling-jcr-js-nodetypes,https://github.com/apache/sling-org-apache-sling-jcr-js-nodetypes.git,1,5600,1.0
279,sling-org-apache-sling-discovery-oak,https://github.com/apache/sling-org-apache-sling-discovery-oak.git,1,5600,1.0
280,geode-kafka-connector,https://github.com/apache/geode-kafka-connector.git,4,5600,1.0
281,sling-org-apache-sling-installer-it,https://github.com/apache/sling-org-apache-sling-installer-it.git,2,5700,1.0
282,sling-maven-launchpad-plugin,https://github.com/apache/sling-maven-launchpad-plugin.git,2,5700,1.0
283,sling-org-apache-sling-servlet-helpers,https://github.com/apache/sling-org-apache-sling-servlet-helpers.git,1,5700,1.0
284,james-postage,https://github.com/apache/james-postage.git,2,5700,1.0
285,sling-org-apache-sling-validation-core,https://github.com/apache/sling-org-apache-sling-validation-core.git,1,5700,1.0
286,cassandra-in-jvm-dtest-api,https://github.com/apache/cassandra-in-jvm-dtest-api.git,3,5800,1.0
287,sling-org-apache-sling-scripting-java,https://github.com/apache/sling-org-apache-sling-scripting-java.git,1,5800,1.0
288,fineract-cn-rhythm,https://github.com/apache/fineract-cn-rhythm.git,2,5900,1.0
289,sling-org-apache-sling-commons-mime,https://github.com/apache/sling-org-apache-sling-commons-mime.git,1,6000,1.0
290,sling-org-apache-sling-karaf-integration-tests,https://github.com/apache/sling-org-apache-sling-karaf-integration-tests.git,1,6000,1.0
291,usergrid-java,https://github.com/apache/usergrid-java.git,9,6000,1.0
292,incubator-sdap-ningester,https://github.com/apache/incubator-sdap-ningester.git,4,6100,1.0
293,fineract-cn-interoperation,https://github.com/apache/fineract-cn-interoperation.git,2,6100,1.0
294,fineract-cn-reporting,https://github.com/apache/fineract-cn-reporting.git,5,6300,1.0
295,metamodel-membrane,https://github.com/apache/metamodel-membrane.git,16,6300,1.0
296,apisix-java-plugin-runner,https://github.com/apache/apisix-java-plugin-runner.git,43,6400,1.0
297,aries-typedevent,https://github.com/apache/aries-typedevent.git,2,6400,1.0
298,hbase-thirdparty,https://github.com/apache/hbase-thirdparty.git,11,6500,1.0
299,any23-server,https://github.com/apache/any23-server.git,3,6500,1.0
300,parquet-format,https://github.com/apache/parquet-format.git,952,6600,1.0
301,sling-org-apache-sling-scripting-bundle-tracker-it,https://github.com/apache/sling-org-apache-sling-scripting-bundle-tracker-it.git,1,6600,1.0
302,sling-org-apache-sling-provisioning-model,https://github.com/apache/sling-org-apache-sling-provisioning-model.git,1,6700,1.0
303,flink-training,https://github.com/apache/flink-training.git,365,6700,1.0
304,activemq-artemis-native,https://github.com/apache/activemq-artemis-native.git,8,6700,1.0
305,sling-org-apache-sling-launchpad-contrib-testing,https://github.com/apache/sling-org-apache-sling-launchpad-contrib-testing.git,1,6700,1.0
306,sling-org-apache-sling-testing-paxexam,https://github.com/apache/sling-org-apache-sling-testing-paxexam.git,1,6900,1.0
307,axis-axis2-java-transports,https://github.com/apache/axis-axis2-java-transports.git,1,6900,1.0
308,sling-org-apache-sling-scripting-sightly,https://github.com/apache/sling-org-apache-sling-scripting-sightly.git,10,7000,1.0
309,hbase-filesystem,https://github.com/apache/hbase-filesystem.git,7,7100,1.0
310,sling-org-apache-sling-commons-scheduler,https://github.com/apache/sling-org-apache-sling-commons-scheduler.git,3,7300,1.0
311,fineract-cn-group,https://github.com/apache/fineract-cn-group.git,3,7300,1.0
312,cassandra-sidecar,https://github.com/apache/cassandra-sidecar.git,24,7400,1.0
313,clerezza-rdf-core,https://github.com/apache/clerezza-rdf-core.git,2,7400,1.0
314,sling-slingstart-maven-plugin,https://github.com/apache/sling-slingstart-maven-plugin.git,2,7500,1.0
315,fineract-cn-office,https://github.com/apache/fineract-cn-office.git,4,7500,1.0
316,skywalking-agent-test-tool,https://github.com/apache/skywalking-agent-test-tool.git,17,7700,1.0
317,any23-plugins,https://github.com/apache/any23-plugins.git,1,8000,0.0
318,turbine-fulcrum-yaafi-crypto,https://github.com/apache/turbine-fulcrum-yaafi-crypto.git,1,8000,1.0
319,rocketmq-exporter,https://github.com/apache/rocketmq-exporter.git,167,8100,1.0
320,sling-org-apache-sling-servlets-get,https://github.com/apache/sling-org-apache-sling-servlets-get.git,5,8100,1.0
321,sling-org-apache-sling-scripting-jsp-taglib,https://github.com/apache/sling-org-apache-sling-scripting-jsp-taglib.git,1,8300,1.0
322,skywalking-banyandb-java-client,https://github.com/apache/skywalking-banyandb-java-client.git,10,8400,1.0
323,maven-install-plugin,https://github.com/apache/maven-install-plugin.git,13,8400,1.0
324,commons-release-plugin,https://github.com/apache/commons-release-plugin.git,9,8500,1.0
325,sling-org-apache-sling-junit-core,https://github.com/apache/sling-org-apache-sling-junit-core.git,2,8500,1.0
326,sling-org-apache-sling-discovery-impl,https://github.com/apache/sling-org-apache-sling-discovery-impl.git,1,8600,1.0
327,rocketmq-ons,https://github.com/apache/rocketmq-ons.git,20,8600,1.0
328,cassandra-diff,https://github.com/apache/cassandra-diff.git,10,8700,1.0
329,sling-org-apache-sling-launchpad-test-services,https://github.com/apache/sling-org-apache-sling-launchpad-test-services.git,2,8700,1.0
330,sling-org-apache-sling-commons-html,https://github.com/apache/sling-org-apache-sling-commons-html.git,1,8800,1.0
331,turbine-fulcrum-parser,https://github.com/apache/turbine-fulcrum-parser.git,1,9000,1.0
332,james-jdkim,https://github.com/apache/james-jdkim.git,18,9000,1.0
333,rocketmq-flink,https://github.com/apache/rocketmq-flink.git,29,9000,1.0
334,sling-org-apache-sling-feature-analyser,https://github.com/apache/sling-org-apache-sling-feature-analyser.git,1,9200,1.0
335,fineract-cn-provisioner,https://github.com/apache/fineract-cn-provisioner.git,8,9200,1.0
336,fineract-cn-anubis,https://github.com/apache/fineract-cn-anubis.git,3,9300,1.0
337,dubbo-benchmark,https://github.com/apache/dubbo-benchmark.git,37,9300,1.0
338,incubator-retired-wave-android,https://github.com/apache/incubator-retired-wave-android.git,9,9400,1.0
339,sling-org-apache-sling-jcr-jackrabbit-accessmanager,https://github.com/apache/sling-org-apache-sling-jcr-jackrabbit-accessmanager.git,2,9400,1.0
340,sling-org-apache-sling-query,https://github.com/apache/sling-org-apache-sling-query.git,10,9400,1.0
341,opennlp-addons,https://github.com/apache/opennlp-addons.git,10,9400,1.0
342,sling-org-apache-sling-thumbnails,https://github.com/apache/sling-org-apache-sling-thumbnails.git,1,9500,1.0
343,rocketmq-spring,https://github.com/apache/rocketmq-spring.git,1500,9600,1.0
344,sling-org-apache-sling-jcr-repoinit,https://github.com/apache/sling-org-apache-sling-jcr-repoinit.git,1,9600,1.0
345,flink-benchmarks,https://github.com/apache/flink-benchmarks.git,67,9600,1.0
346,isis-app-simpleapp,https://github.com/apache/isis-app-simpleapp.git,5,9700,1.0
347,sling-org-apache-sling-auth-core,https://github.com/apache/sling-org-apache-sling-auth-core.git,3,9700,1.0
348,incubator-taverna-osgi,https://github.com/apache/incubator-taverna-osgi.git,2,9800,1.0
349,commons-cli,https://github.com/apache/commons-cli.git,233,9900,1.0
350,activemq-activeio,https://github.com/apache/activemq-activeio.git,5,9900,1.0
351,incubator-taverna-commandline,https://github.com/apache/incubator-taverna-commandline.git,4,10000,1.0
352,sling-org-apache-sling-commons-testing,https://github.com/apache/sling-org-apache-sling-commons-testing.git,1,10200,1.0
353,incubator-retired-horn,https://github.com/apache/incubator-retired-horn.git,29,10200,0.0
354,turbine-fulcrum-json,https://github.com/apache/turbine-fulcrum-json.git,1,10200,1.0
355,streams-examples,https://github.com/apache/streams-examples.git,5,10300,1.0
356,sling-org-apache-sling-rewriter,https://github.com/apache/sling-org-apache-sling-rewriter.git,6,10600,1.0
357,netbeans-mavenutils-nbm-maven-plugin,https://github.com/apache/netbeans-mavenutils-nbm-maven-plugin.git,10,10600,1.0
358,ant-easyant-plugins,https://github.com/apache/ant-easyant-plugins.git,3,10700,1.0
359,fineract-cn-teller,https://github.com/apache/fineract-cn-teller.git,3,10900,1.0
360,geode-examples,https://github.com/apache/geode-examples.git,63,10900,1.0
361,sling-org-apache-sling-fsresource,https://github.com/apache/sling-org-apache-sling-fsresource.git,4,10900,1.0
362,sling-org-apache-sling-xss,https://github.com/apache/sling-org-apache-sling-xss.git,9,11000,1.0
363,nutch-webapp,https://github.com/apache/nutch-webapp.git,4,11400,1.0
364,sling-org-apache-sling-discovery-commons,https://github.com/apache/sling-org-apache-sling-discovery-commons.git,1,11500,1.0
365,commons-jci,https://github.com/apache/commons-jci.git,7,11600,1.0
366,commons-exec,https://github.com/apache/commons-exec.git,80,11600,1.0
367,samza-hello-samza,https://github.com/apache/samza-hello-samza.git,103,11800,1.0
368,sling-org-apache-sling-testing-clients,https://github.com/apache/sling-org-apache-sling-testing-clients.git,7,11800,1.0
369,cayenne-modeler,https://github.com/apache/cayenne-modeler.git,9,11900,1.0
370,sling-org-apache-sling-jcr-base,https://github.com/apache/sling-org-apache-sling-jcr-base.git,1,12200,1.0
371,sling-org-apache-sling-installer-core,https://github.com/apache/sling-org-apache-sling-installer-core.git,4,12500,1.0
372,sling-org-apache-sling-discovery-base,https://github.com/apache/sling-org-apache-sling-discovery-base.git,2,12600,1.0
373,activemq-protobuf,https://github.com/apache/activemq-protobuf.git,18,12600,1.0
374,sling-org-apache-sling-scripting-core,https://github.com/apache/sling-org-apache-sling-scripting-core.git,1,12800,1.0
375,shardingsphere-example,https://github.com/apache/shardingsphere-example.git,908,12800,1.0
376,sling-org-apache-sling-scripting-javascript,https://github.com/apache/sling-org-apache-sling-scripting-javascript.git,1,12800,1.0
377,kandula,https://github.com/apache/kandula.git,4,13200,1.0
378,axis-axis2-java-kandula,https://github.com/apache/axis-axis2-java-kandula.git,1,13200,1.0
379,xmlgraphics-fop-pdf-images,https://github.com/apache/xmlgraphics-fop-pdf-images.git,5,13400,1.0
380,accumulo-examples,https://github.com/apache/accumulo-examples.git,31,13500,1.0
381,fluo-recipes,https://github.com/apache/fluo-recipes.git,9,13500,1.0
382,camel-quarkus-examples,https://github.com/apache/camel-quarkus-examples.git,30,13500,1.0
383,commons-proxy,https://github.com/apache/commons-proxy.git,21,13800,1.0
384,fineract-cn-identity,https://github.com/apache/fineract-cn-identity.git,6,13900,1.0
385,sling-org-apache-sling-testing-osgi-mock,https://github.com/apache/sling-org-apache-sling-testing-osgi-mock.git,2,14100,1.0
386,sling-org-apache-sling-jcr-contentloader,https://github.com/apache/sling-org-apache-sling-jcr-contentloader.git,1,14200,1.0
387,sling-org-apache-sling-commons-log,https://github.com/apache/sling-org-apache-sling-commons-log.git,2,14300,1.0
388,fluo-examples,https://github.com/apache/fluo-examples.git,2,14300,1.0
389,shardingsphere-ui,https://github.com/apache/shardingsphere-ui.git,38,14600,1.0
390,sling-org-apache-sling-feature,https://github.com/apache/sling-org-apache-sling-feature.git,11,14700,1.0
391,incubator-retired-gossip,https://github.com/apache/incubator-retired-gossip.git,236,14700,1.0
392,sling-org-apache-sling-pipes,https://github.com/apache/sling-org-apache-sling-pipes.git,7,14700,1.0
393,sling-org-apache-sling-scripting-sightly-compiler,https://github.com/apache/sling-org-apache-sling-scripting-sightly-compiler.git,3,14800,1.0
394,dubbo-spring-boot-project,https://github.com/apache/dubbo-spring-boot-project.git,5200,14900,1.0
395,fineract-cn-deposit-account-management,https://github.com/apache/fineract-cn-deposit-account-management.git,6,14900,1.0
396,incubator-retired-edgent-samples,https://github.com/apache/incubator-retired-edgent-samples.git,15,15000,1.0
397,sling-org-apache-sling-testing-sling-mock,https://github.com/apache/sling-org-apache-sling-testing-sling-mock.git,4,15000,1.0
398,sling-org-apache-sling-distribution-journal,https://github.com/apache/sling-org-apache-sling-distribution-journal.git,6,15300,1.0
399,sling-org-apache-sling-jcr-jackrabbit-usermanager,https://github.com/apache/sling-org-apache-sling-jcr-jackrabbit-usermanager.git,2,15500,1.0
400,karaf-winegrower,https://github.com/apache/karaf-winegrower.git,13,15600,1.0
401,incubator-taverna-mobile,https://github.com/apache/incubator-taverna-mobile.git,14,15800,1.0
402,commons-weaver,https://github.com/apache/commons-weaver.git,17,16000,1.0
403,tomee-chatterbox,https://github.com/apache/tomee-chatterbox.git,3,16100,1.0
404,commons-fileupload,https://github.com/apache/commons-fileupload.git,160,16200,1.0
405,plc4x-build-tools,https://github.com/apache/plc4x-build-tools.git,8,16400,1.0
406,sling-org-apache-sling-models-impl,https://github.com/apache/sling-org-apache-sling-models-impl.git,15,16400,1.0
407,sling-org-apache-sling-caconfig-impl,https://github.com/apache/sling-org-apache-sling-caconfig-impl.git,1,16600,1.0
408,fineract-cn-accounting,https://github.com/apache/fineract-cn-accounting.git,17,16600,1.0
409,sling-org-apache-sling-servlets-resolver,https://github.com/apache/sling-org-apache-sling-servlets-resolver.git,5,16600,1.0
410,fineract-cn-notifications,https://github.com/apache/fineract-cn-notifications.git,4,17000,1.0
411,incubator-nlpcraft-java-client,https://github.com/apache/incubator-nlpcraft-java-client.git,6,17200,1.0
412,jclouds-examples,https://github.com/apache/jclouds-examples.git,15,17300,1.0
413,servicecomb-samples,https://github.com/apache/servicecomb-samples.git,486,17500,1.0
414,pdfbox-jbig2,https://github.com/apache/pdfbox-jbig2.git,9,17500,1.0
415,commons-dbutils,https://github.com/apache/commons-dbutils.git,289,18000,1.0
416,archiva-components,https://github.com/apache/archiva-components.git,1,18100,1.0
417,openwhisk-intellij-plugin,https://github.com/apache/openwhisk-intellij-plugin.git,6,18200,1.0
418,mrunit,https://github.com/apache/mrunit.git,37,18500,1.0
419,sling-slingfeature-maven-plugin,https://github.com/apache/sling-slingfeature-maven-plugin.git,2,18500,1.0
420,fineract-cn-customer,https://github.com/apache/fineract-cn-customer.git,9,18600,1.0
421,geronimo-txmanager,https://github.com/apache/geronimo-txmanager.git,5,18700,1.0
422,shiro,https://github.com/apache/shiro.git,3700,18800,1.0
423,sling-org-apache-sling-jcr-resource,https://github.com/apache/sling-org-apache-sling-jcr-resource.git,4,19100,1.0
424,commons-crypto,https://github.com/apache/commons-crypto.git,83,19200,1.0
425,commons-email,https://github.com/apache/commons-email.git,91,19300,1.0
426,hbase-operator-tools,https://github.com/apache/hbase-operator-tools.git,103,19400,1.0
427,sling-org-apache-sling-feature-cpconverter,https://github.com/apache/sling-org-apache-sling-feature-cpconverter.git,7,19400,1.0
428,commons-logging,https://github.com/apache/commons-logging.git,111,19700,1.0
429,sling-org-apache-sling-event,https://github.com/apache/sling-org-apache-sling-event.git,4,20000,1.0
430,servicemix-utils,https://github.com/apache/servicemix-utils.git,3,20000,1.0
431,aries-jpa,https://github.com/apache/aries-jpa.git,12,20100,1.0
432,nuvem,https://github.com/apache/nuvem.git,2,20300,1.0
433,sling-org-apache-sling-servlets-post,https://github.com/apache/sling-org-apache-sling-servlets-post.git,10,20300,1.0
434,cassandra-harry,https://github.com/apache/cassandra-harry.git,43,20600,1.0
435,datasketches-hive,https://github.com/apache/datasketches-hive.git,36,21400,1.0
436,james-jspf,https://github.com/apache/james-jspf.git,15,22200,1.0
437,geode-benchmarks,https://github.com/apache/geode-benchmarks.git,4,22400,1.0
438,incubator-taverna-workbench-common-activities,https://github.com/apache/incubator-taverna-workbench-common-activities.git,3,22500,1.0
439,commons-graph,https://github.com/apache/commons-graph.git,14,22900,1.0
440,airavata-mft,https://github.com/apache/airavata-mft.git,4,23000,1.0
441,sling-org-apache-sling-models-integration-tests,https://github.com/apache/sling-org-apache-sling-models-integration-tests.git,1,23200,1.0
442,sling-org-apache-sling-launchpad-integration-tests,https://github.com/apache/sling-org-apache-sling-launchpad-integration-tests.git,5,23200,1.0
443,incubator-retired-s4,https://github.com/apache/incubator-retired-s4.git,40,23500,1.0
444,turbine-fulcrum-yaafi,https://github.com/apache/turbine-fulcrum-yaafi.git,1,23600,1.0
445,commons-bsf,https://github.com/apache/commons-bsf.git,14,24400,1.0
446,jackrabbit-filevault-package-maven-plugin,https://github.com/apache/jackrabbit-filevault-package-maven-plugin.git,7,25100,1.0
447,servicecomb-saga-actuator,https://github.com/apache/servicecomb-saga-actuator.git,490,25200,1.0
448,james-jsieve,https://github.com/apache/james-jsieve.git,7,25400,1.0
449,incubator-sdap-mudrod,https://github.com/apache/incubator-sdap-mudrod.git,11,25600,1.0
450,directory-fortress-enmasse,https://github.com/apache/directory-fortress-enmasse.git,5,25900,1.0
451,turbine-fulcrum-intake,https://github.com/apache/turbine-fulcrum-intake.git,1,26500,1.0
452,felix-atomos,https://github.com/apache/felix-atomos.git,28,26500,1.0
453,river-container,https://github.com/apache/river-container.git,3,26600,0.0
454,incubator-retired-provisionr,https://github.com/apache/incubator-retired-provisionr.git,5,26900,1.0
455,aries-rsa,https://github.com/apache/aries-rsa.git,10,26900,1.0
456,commons-chain,https://github.com/apache/commons-chain.git,48,26900,1.0
457,dubbo-hessian-lite,https://github.com/apache/dubbo-hessian-lite.git,36,27200,1.0
458,karaf-cave,https://github.com/apache/karaf-cave.git,17,27300,1.0
459,datasketches-pig,https://github.com/apache/datasketches-pig.git,9,27600,1.0
460,sling-org-apache-sling-engine,https://github.com/apache/sling-org-apache-sling-engine.git,8,28700,1.0
461,mina-asyncweb,https://github.com/apache/mina-asyncweb.git,2,28700,1.0
462,datasketches-memory,https://github.com/apache/datasketches-memory.git,99,28700,1.0
463,commons-rdf,https://github.com/apache/commons-rdf.git,30,28800,1.0
464,incubator-retired-tamaya-sandbox,https://github.com/apache/incubator-retired-tamaya-sandbox.git,2,28900,1.0
465,sling-org-apache-sling-resourceresolver,https://github.com/apache/sling-org-apache-sling-resourceresolver.git,6,29600,1.0
466,bahir-flink,https://github.com/apache/bahir-flink.git,564,29700,1.0
467,nutch,https://github.com/apache/nutch.git,2300,30000,1.0
468,oltu,https://github.com/apache/oltu.git,159,30100,1.0
469,flink-ml,https://github.com/apache/flink-ml.git,58,30900,1.0
470,ambari-infra,https://github.com/apache/ambari-infra.git,8,31000,1.0
471,sling-org-apache-sling-distribution-core,https://github.com/apache/sling-org-apache-sling-distribution-core.git,5,31300,1.0
472,aries-jax-rs-whiteboard,https://github.com/apache/aries-jax-rs-whiteboard.git,26,31300,1.0
473,shardingsphere-acceptance-test,https://github.com/apache/shardingsphere-acceptance-test.git,4,31700,1.0
474,shardingsphere-elasticjob-ui,https://github.com/apache/shardingsphere-elasticjob-ui.git,89,31700,1.0
475,commons-pool,https://github.com/apache/commons-pool.git,386,32000,1.0
476,ant-easyant-core,https://github.com/apache/ant-easyant-core.git,3,32400,1.0
477,accumulo-testing,https://github.com/apache/accumulo-testing.git,14,33000,1.0
478,incubator-crail,https://github.com/apache/incubator-crail.git,134,33100,1.0
479,servicemix,https://github.com/apache/servicemix.git,137,33300,1.0
480,directory-fortress-commander,https://github.com/apache/directory-fortress-commander.git,9,33300,1.0
481,incubator-optiq-linq4j,https://github.com/apache/incubator-optiq-linq4j.git,3,33300,1.0
482,incubator-retired-tamaya,https://github.com/apache/incubator-retired-tamaya.git,44,33600,1.0
483,sling-org-apache-sling-api,https://github.com/apache/sling-org-apache-sling-api.git,10,34500,1.0
484,servicemix4-specs,https://github.com/apache/servicemix4-specs.git,8,34600,1.0
485,servicemix4-kernel,https://github.com/apache/servicemix4-kernel.git,4,34800,1.0
486,juneau-petstore,https://github.com/apache/juneau-petstore.git,9,34800,1.0
487,maven-enforcer,https://github.com/apache/maven-enforcer.git,77,35000,1.0
488,fineract-cn-portfolio,https://github.com/apache/fineract-cn-portfolio.git,6,35500,1.0
489,iotdb-web-workbench,https://github.com/apache/iotdb-web-workbench.git,11,36000,1.0
490,commons-csv,https://github.com/apache/commons-csv.git,259,36200,1.0
491,log4j-extras,https://github.com/apache/log4j-extras.git,15,36900,1.0
492,freemarker-generator,https://github.com/apache/freemarker-generator.git,26,37100,1.0
493,incubator-retired-mrql,https://github.com/apache/incubator-retired-mrql.git,17,38400,0.0
494,bval,https://github.com/apache/bval.git,30,38600,1.0
495,infrastructure-jenkins,https://github.com/apache/infrastructure-jenkins.git,3,38700,1.0
496,incubator-taverna-common-activities,https://github.com/apache/incubator-taverna-common-activities.git,11,38700,1.0
497,incubator-twill,https://github.com/apache/incubator-twill.git,2,39500,1.0
498,commons-ognl,https://github.com/apache/commons-ognl.git,62,40300,1.0
499,karaf-webconsole,https://github.com/apache/karaf-webconsole.git,6,40400,1.0
500,jackrabbit-ocm,https://github.com/apache/jackrabbit-ocm.git,2,41300,1.0
501,creadur-whisker,https://github.com/apache/creadur-whisker.git,2,41900,1.0
502,fineract-cn-mobile,https://github.com/apache/fineract-cn-mobile.git,31,42100,1.0
503,tomcat-taglibs-rdc,https://github.com/apache/tomcat-taglibs-rdc.git,1,42100,1.0
504,commons-validator,https://github.com/apache/commons-validator.git,138,42300,1.0
505,clerezza,https://github.com/apache/clerezza.git,36,42900,1.0
506,commons-scxml,https://github.com/apache/commons-scxml.git,25,43400,1.0
507,twill,https://github.com/apache/twill.git,66,43500,1.0
508,dubbo-spi-extensions,https://github.com/apache/dubbo-spi-extensions.git,70,43700,1.0
509,pulsar-manager,https://github.com/apache/pulsar-manager.git,353,43700,1.0
510,servicemix-specs,https://github.com/apache/servicemix-specs.git,1,43800,1.0
511,ant-ivyde,https://github.com/apache/ant-ivyde.git,9,44000,1.0
512,servicemix4-features,https://github.com/apache/servicemix4-features.git,14,44200,1.0
513,tomcat-maven-plugin,https://github.com/apache/tomcat-maven-plugin.git,144,44200,1.0
514,openwebbeans-meecrowave,https://github.com/apache/openwebbeans-meecrowave.git,54,44800,1.0
515,mnemonic,https://github.com/apache/mnemonic.git,101,44900,1.0
516,directmemory,https://github.com/apache/directmemory.git,52,44900,1.0
517,accumulo-wikisearch,https://github.com/apache/accumulo-wikisearch.git,10,45100,1.0
518,ftpserver,https://github.com/apache/ftpserver.git,70,45800,1.0
519,camel-k-runtime,https://github.com/apache/camel-k-runtime.git,40,46000,1.0
520,mina-ftpserver,https://github.com/apache/mina-ftpserver.git,24,46100,1.0
521,logging-chainsaw,https://github.com/apache/logging-chainsaw.git,6,46100,1.0
522,servicemix4-nmr,https://github.com/apache/servicemix4-nmr.git,4,46200,1.0
523,commons-functor,https://github.com/apache/commons-functor.git,15,46200,1.0
524,karaf-decanter,https://github.com/apache/karaf-decanter.git,31,46300,1.0
525,mina,https://github.com/apache/mina.git,805,46500,1.0
526,phoenix-omid,https://github.com/apache/phoenix-omid.git,68,46600,1.0
527,commons-jxpath,https://github.com/apache/commons-jxpath.git,16,46900,1.0
528,uima-uimafit,https://github.com/apache/uima-uimafit.git,27,47200,1.0
529,chainsaw,https://github.com/apache/chainsaw.git,10,48800,1.0
530,commons-statistics,https://github.com/apache/commons-statistics.git,25,49100,1.0
531,whirr,https://github.com/apache/whirr.git,96,50800,1.0
532,aries-cdi,https://github.com/apache/aries-cdi.git,7,51600,1.0
533,fluo,https://github.com/apache/fluo.git,169,52400,1.0
534,axis-axis2-java-sandesha,https://github.com/apache/axis-axis2-java-sandesha.git,1,54000,1.0
535,sandesha,https://github.com/apache/sandesha.git,1,54000,1.0
536,creadur-rat,https://github.com/apache/creadur-rat.git,11,54400,1.0
537,camel-karaf,https://github.com/apache/camel-karaf.git,13,54700,1.0
538,commons-text,https://github.com/apache/commons-text.git,226,54800,1.0
539,incubator-eventmesh,https://github.com/apache/incubator-eventmesh.git,748,55800,1.0
540,commons-codec,https://github.com/apache/commons-codec.git,331,55800,1.0
541,commons-dbcp,https://github.com/apache/commons-dbcp.git,270,56000,1.0
542,camel-performance-tests,https://github.com/apache/camel-performance-tests.git,4,56400,1.0
543,sling-ide-tooling,https://github.com/apache/sling-ide-tooling.git,4,56400,1.0
544,tomcat-taglibs-standard,https://github.com/apache/tomcat-taglibs-standard.git,2,56800,1.0
545,uima-sandbox,https://github.com/apache/uima-sandbox.git,6,57000,1.0
546,commons-jexl,https://github.com/apache/commons-jexl.git,105,57600,1.0
547,incubator-retired-tamaya-extensions,https://github.com/apache/incubator-retired-tamaya-extensions.git,2,57800,0.0
548,dubbo-admin,https://github.com/apache/dubbo-admin.git,3400,57800,1.0
549,juddi-scout,https://github.com/apache/juddi-scout.git,2,58000,1.0
550,cordova-amazon-fireos,https://github.com/apache/cordova-amazon-fireos.git,20,58800,1.0
551,datasketches-characterization,https://github.com/apache/datasketches-characterization.git,9,59000,1.0
552,incubator-samoa,https://github.com/apache/incubator-samoa.git,238,60900,1.0
553,incubator-taverna-server,https://github.com/apache/incubator-taverna-server.git,4,62000,1.0
554,geronimo-gshell,https://github.com/apache/geronimo-gshell.git,2,64099,1.0
555,incubator-batchee,https://github.com/apache/incubator-batchee.git,13,65300,1.0
556,commons-net,https://github.com/apache/commons-net.git,163,65500,1.0
557,karaf-eik,https://github.com/apache/karaf-eik.git,6,66200,1.0
558,geronimo-batchee,https://github.com/apache/geronimo-batchee.git,2,66300,1.0
559,rampart,https://github.com/apache/rampart.git,2,66600,1.0
560,axis-axis2-java-rampart,https://github.com/apache/axis-axis2-java-rampart.git,1,66700,1.0
561,datafu,https://github.com/apache/datafu.git,85,68400,1.0
562,servicecomb-toolkit,https://github.com/apache/servicecomb-toolkit.git,454,68600,1.0
563,incubator-myriad,https://github.com/apache/incubator-myriad.git,154,68700,1.0
564,velocity-tools,https://github.com/apache/velocity-tools.git,35,72200,1.0
565,commons-configuration,https://github.com/apache/commons-configuration.git,138,72300,1.0
566,directory-mavibot,https://github.com/apache/directory-mavibot.git,12,72800,1.0
567,myfaces-trinidad-maven,https://github.com/apache/myfaces-trinidad-maven.git,2,73100,1.0
568,karaf-cellar,https://github.com/apache/karaf-cellar.git,41,73200,1.0
569,ignite-teamcity-bot,https://github.com/apache/ignite-teamcity-bot.git,8,73800,1.0
570,commons-beanutils,https://github.com/apache/commons-beanutils.git,205,73800,1.0
571,calcite-avatica,https://github.com/apache/calcite-avatica.git,149,75000,1.0
572,incubator-retired-htrace,https://github.com/apache/incubator-retired-htrace.git,102,75800,1.0
573,shardingsphere-elasticjob-cloud,https://github.com/apache/shardingsphere-elasticjob-cloud.git,247,76000,1.0
574,nifi-minifi,https://github.com/apache/nifi-minifi.git,111,76100,1.0
575,camel-kamelets,https://github.com/apache/camel-kamelets.git,19,76600,1.0
576,netbeans-jackpot30,https://github.com/apache/netbeans-jackpot30.git,4,77000,1.0
577,servicecomb-pack,https://github.com/apache/servicecomb-pack.git,1900,77200,1.0
578,incubator-streampipes-extensions,https://github.com/apache/incubator-streampipes-extensions.git,23,79300,1.0
579,ignite-extensions,https://github.com/apache/ignite-extensions.git,21,79600,1.0
580,xmlgraphics-commons,https://github.com/apache/xmlgraphics-commons.git,14,79700,1.0
581,kalumet,https://github.com/apache/kalumet.git,6,80600,1.0
582,commons-numbers,https://github.com/apache/commons-numbers.git,45,81800,1.0
583,hama,https://github.com/apache/hama.git,130,84500,1.0
584,flink-statefun,https://github.com/apache/flink-statefun.git,319,85400,1.0
585,velocity-engine,https://github.com/apache/velocity-engine.git,245,87900,1.0
586,commons-digester,https://github.com/apache/commons-digester.git,42,89300,1.0
587,hcatalog,https://github.com/apache/hcatalog.git,60,90000,1.0
588,commons-vfs,https://github.com/apache/commons-vfs.git,154,90000,1.0
589,commons-jelly,https://github.com/apache/commons-jelly.git,11,90700,1.0
590,shardingsphere-elasticjob,https://github.com/apache/shardingsphere-elasticjob.git,7400,91500,1.0
591,ambari-metrics,https://github.com/apache/ambari-metrics.git,23,92500,1.0
592,incubator-tajo,https://github.com/apache/incubator-tajo.git,23,92500,1.0
593,commons-io,https://github.com/apache/commons-io.git,822,92600,1.0
594,mina-vysper,https://github.com/apache/mina-vysper.git,11,93600,1.0
595,incubator-retired-edgent,https://github.com/apache/incubator-retired-edgent.git,204,93900,1.0
596,incubator-taverna-engine,https://github.com/apache/incubator-taverna-engine.git,16,94000,1.0
597,sling-org-apache-sling-scripting-jsp,https://github.com/apache/sling-org-apache-sling-scripting-jsp.git,1,94300,1.0
598,ddlutils,https://github.com/apache/ddlutils.git,20,95700,1.0
599,logging-log4j-audit,https://github.com/apache/logging-log4j-audit.git,20,95700,1.0
600,geronimo-xbean,https://github.com/apache/geronimo-xbean.git,8,99700,1.0
601,ratis,https://github.com/apache/ratis.git,610,101000,1.0
602,sanselan,https://github.com/apache/sanselan.git,34,101100,1.0
603,incubator-nemo,https://github.com/apache/incubator-nemo.git,90,101500,1.0
604,sling-whiteboard,https://github.com/apache/sling-whiteboard.git,34,102500,1.0
605,curator,https://github.com/apache/curator.git,2700,103100,1.0
606,cxf-fediz,https://github.com/apache/cxf-fediz.git,18,103800,1.0
607,harmony-jdktools,https://github.com/apache/harmony-jdktools.git,4,104000,1.0
608,phoenix-tephra,https://github.com/apache/phoenix-tephra.git,28,105600,1.0
609,servicemix-bundles,https://github.com/apache/servicemix-bundles.git,41,108700,1.0
610,qpid-proton-j,https://github.com/apache/qpid-proton-j.git,28,108700,1.0
611,incubator-streampipes,https://github.com/apache/incubator-streampipes.git,279,109100,1.0
612,tuscany-sdo,https://github.com/apache/tuscany-sdo.git,6,112100,1.0
613,datasketches-java,https://github.com/apache/datasketches-java.git,745,113300,1.0
614,empire-db,https://github.com/apache/empire-db.git,28,113300,1.0
615,james-mime4j,https://github.com/apache/james-mime4j.git,38,114600,1.0
616,camel-k-examples,https://github.com/apache/camel-k-examples.git,38,114600,1.0
617,jackrabbit-filevault,https://github.com/apache/jackrabbit-filevault.git,37,114900,1.0
618,commons-imaging,https://github.com/apache/commons-imaging.git,286,117100,1.0
619,flex-blazeds,https://github.com/apache/flex-blazeds.git,44,117100,1.0
620,roller,https://github.com/apache/roller.git,104,118600,1.0
621,abdera,https://github.com/apache/abdera.git,16,122900,1.0
622,incubator-retired-pirk,https://github.com/apache/incubator-retired-pirk.git,58,123200,1.0
623,incubator-taverna-workbench,https://github.com/apache/incubator-taverna-workbench.git,5,123500,1.0
624,httpcomponents-client,https://github.com/apache/httpcomponents-client.git,1100,124300,1.0
625,log4j,https://github.com/apache/log4j.git,805,127700,1.0
626,crunch,https://github.com/apache/crunch.git,101,127800,1.0
627,gora,https://github.com/apache/gora.git,102,129900,1.0
628,uima-async-scaleout,https://github.com/apache/uima-async-scaleout.git,1,130199,1.0
629,activemq-openwire,https://github.com/apache/activemq-openwire.git,5,130199,1.0
630,uima-as_old,https://github.com/apache/uima-as_old.git,10,130300,1.0
631,dubbo-samples,https://github.com/apache/dubbo-samples.git,1600,132300,1.0
632,aries-journaled-events,https://github.com/apache/aries-journaled-events.git,2,132400,0.0
633,turbine-core,https://github.com/apache/turbine-core.git,3,134500,1.0
634,johnzon,https://github.com/apache/johnzon.git,38,135400,1.0
635,lenya,https://github.com/apache/lenya.git,17,135700,1.0
636,httpcomponents-core,https://github.com/apache/httpcomponents-core.git,269,137000,1.0
637,metamodel,https://github.com/apache/metamodel.git,147,137700,1.0
638,commons-collections,https://github.com/apache/commons-collections.git,527,137800,1.0
639,apex-core,https://github.com/apache/apex-core.git,347,140900,1.0
640,commons-geometry,https://github.com/apache/commons-geometry.git,25,143000,1.0
641,commons-compress,https://github.com/apache/commons-compress.git,207,143500,1.0
642,servicemix3,https://github.com/apache/servicemix3.git,3,143700,1.0
643,qpid-jms-amqp-0-x,https://github.com/apache/qpid-jms-amqp-0-x.git,2,146600,1.0
644,directory-fortress-core,https://github.com/apache/directory-fortress-core.git,36,149500,1.0
645,incubator-milagro-java,https://github.com/apache/incubator-milagro-java.git,3,152100,1.0
646,incubator-hivemall,https://github.com/apache/incubator-hivemall.git,296,152600,1.0
647,sqoop,https://github.com/apache/sqoop.git,869,153100,1.0
648,wookie,https://github.com/apache/wookie.git,5,158600,1.0
649,commons-bcel,https://github.com/apache/commons-bcel.git,165,161400,1.0
650,nifi-registry,https://github.com/apache/nifi-registry.git,104,161900,1.0
651,incubator-taverna-language,https://github.com/apache/incubator-taverna-language.git,22,162100,1.0
652,directory-scimple,https://github.com/apache/directory-scimple.git,22,162100,1.0
653,submarine,https://github.com/apache/submarine.git,527,163500,1.0
654,commons-jcs,https://github.com/apache/commons-jcs.git,80,163500,1.0
655,activemq-apollo,https://github.com/apache/activemq-apollo.git,145,165700,1.0
656,parquet-mr,https://github.com/apache/parquet-mr.git,1400,168700,1.0
657,streams,https://github.com/apache/streams.git,70,169200,1.0
658,openwebbeans,https://github.com/apache/openwebbeans.git,51,170800,1.0
659,qpid-jms,https://github.com/apache/qpid-jms.git,59,171300,1.0
660,rave,https://github.com/apache/rave.git,15,172600,1.0
661,vxquery,https://github.com/apache/vxquery.git,19,177100,1.0
662,flume,https://github.com/apache/flume.git,2200,178100,1.0
663,openmeetings,https://github.com/apache/openmeetings.git,518,179200,1.0
664,deltaspike,https://github.com/apache/deltaspike.git,135,180900,1.0
665,chukwa,https://github.com/apache/chukwa.git,80,181100,1.0
666,rocketmq,https://github.com/apache/rocketmq.git,16100,184200,1.0
667,incubator-wayang,https://github.com/apache/incubator-wayang.git,32,185000,1.0
668,joshua,https://github.com/apache/joshua.git,95,185400,1.0
669,commons-lang,https://github.com/apache/commons-lang.git,2200,187900,1.0
670,incubator-weex-playground,https://github.com/apache/incubator-weex-playground.git,42,190400,1.0
671,click,https://github.com/apache/click.git,8,195700,1.0
672,incubator-shenyu,https://github.com/apache/incubator-shenyu.git,5600,196600,1.0
673,ws-wss4j,https://github.com/apache/ws-wss4j.git,10,196700,1.0
674,hadoop-hdfs,https://github.com/apache/hadoop-hdfs.git,162,201300,1.0
675,incubator-sentry,https://github.com/apache/incubator-sentry.git,36,203000,1.0
676,incubator-tez,https://github.com/apache/incubator-tez.git,59,204300,1.0
677,santuario-xml-security-java,https://github.com/apache/santuario-xml-security-java.git,16,208500,1.0
678,guacamole-client,https://github.com/apache/guacamole-client.git,911,210300,1.0
679,maven,https://github.com/apache/maven.git,2900,210600,1.0
680,continuum,https://github.com/apache/continuum.git,7,210900,1.0
681,turbine-fulcrum,https://github.com/apache/turbine-fulcrum.git,2,212200,1.0
682,tapestry3,https://github.com/apache/tapestry3.git,4,215400,1.0
683,uima-ruta,https://github.com/apache/uima-ruta.git,10,216000,1.0
684,skywalking,https://github.com/apache/skywalking.git,18300,216600,1.0
685,incubator-atlas,https://github.com/apache/incubator-atlas.git,95,217800,1.0
686,distributedlog,https://github.com/apache/distributedlog.git,172,217900,1.0
687,pivot,https://github.com/apache/pivot.git,28,226900,1.0
688,aurora,https://github.com/apache/aurora.git,625,227800,1.0
689,directory-kerby,https://github.com/apache/directory-kerby.git,92,229100,1.0
690,juneau,https://github.com/apache/juneau.git,68,229200,1.0
691,geronimo-devtools,https://github.com/apache/geronimo-devtools.git,4,231600,1.0
692,wink,https://github.com/apache/wink.git,20,232100,1.0
693,qpid-protonj2,https://github.com/apache/qpid-protonj2.git,8,232300,1.0
694,incubator-datalab,https://github.com/apache/incubator-datalab.git,96,235700,1.0
695,sling-samples,https://github.com/apache/sling-samples.git,27,249500,1.0
696,freemarker,https://github.com/apache/freemarker.git,710,250300,1.0
697,incubator-retired-slider,https://github.com/apache/incubator-retired-slider.git,79,255100,1.0
698,skywalking-java,https://github.com/apache/skywalking-java.git,146,264500,1.0
699,opennlp,https://github.com/apache/opennlp.git,1100,279400,1.0
700,karaf,https://github.com/apache/karaf.git,570,283900,1.0
701,samza,https://github.com/apache/samza.git,709,285300,1.0
702,polygene-java,https://github.com/apache/polygene-java.git,89,287100,1.0
703,servicemix4-bundles,https://github.com/apache/servicemix4-bundles.git,18,289100,1.0
704,falcon,https://github.com/apache/falcon.git,97,289200,1.0
705,zookeeper,https://github.com/apache/zookeeper.git,10000,289500,1.0
706,rocketmq-dashboard,https://github.com/apache/rocketmq-dashboard.git,159,290400,1.0
707,olingo-odata2,https://github.com/apache/olingo-odata2.git,34,293800,1.0
708,oodt,https://github.com/apache/oodt.git,55,307000,1.0
709,shindig,https://github.com/apache/shindig.git,67,307500,1.0
710,servicecomb-java-chassis,https://github.com/apache/servicecomb-java-chassis.git,1700,315700,1.0
711,avro,https://github.com/apache/avro.git,2000,319800,1.0
712,etch,https://github.com/apache/etch.git,17,322400,1.0
713,dolphinscheduler,https://github.com/apache/dolphinscheduler.git,6900,325800,1.0
714,hudi,https://github.com/apache/hudi.git,2600,327800,1.0
715,rocketmq-streams,https://github.com/apache/rocketmq-streams.git,65,330100,1.0
716,geronimo-specs,https://github.com/apache/geronimo-specs.git,18,330800,1.0
717,olingo-odata4,https://github.com/apache/olingo-odata4.git,116,337900,1.0
718,knox,https://github.com/apache/knox.git,128,339700,1.0
719,db-jdo,https://github.com/apache/db-jdo.git,7,346900,1.0
720,ignite-3,https://github.com/apache/ignite-3.git,43,347200,1.0
721,santuario-java,https://github.com/apache/santuario-java.git,24,349700,1.0
722,helix,https://github.com/apache/helix.git,352,354100,1.0
723,oozie,https://github.com/apache/oozie.git,627,354500,1.0
724,reef,https://github.com/apache/reef.git,96,354500,1.0
725,dubbo,https://github.com/apache/dubbo.git,36600,359800,1.0
726,camel-spring-boot,https://github.com/apache/camel-spring-boot.git,76,360200,1.0
727,archiva,https://github.com/apache/archiva.git,292,361200,1.0
728,ofbiz-plugins,https://github.com/apache/ofbiz-plugins.git,95,365800,1.0
729,aries,https://github.com/apache/aries.git,97,368000,1.0
730,incubator-inlong,https://github.com/apache/incubator-inlong.git,454,369400,1.0
731,accumulo-proxy,https://github.com/apache/accumulo-proxy.git,6,377800,1.0
732,camel-quarkus,https://github.com/apache/camel-quarkus.git,154,380400,1.0
733,geronimo-yoko,https://github.com/apache/geronimo-yoko.git,2,385400,0.0
734,xmlbeans,https://github.com/apache/xmlbeans.git,39,392200,1.0
735,xalan-j,https://github.com/apache/xalan-j.git,24,398900,1.0
736,incubator-retired-wave,https://github.com/apache/incubator-retired-wave.git,186,404000,1.0
737,ant-ivy,https://github.com/apache/ant-ivy.git,51,411600,1.0
738,syncope,https://github.com/apache/syncope.git,158,413800,1.0
739,incubator-heron,https://github.com/apache/incubator-heron.git,3600,413900,1.0
740,uima-addons,https://github.com/apache/uima-addons.git,10,419400,1.0
741,hadoop-mapreduce,https://github.com/apache/hadoop-mapreduce.git,97,419500,1.0
742,jspwiki,https://github.com/apache/jspwiki.git,79,429700,1.0
743,commons-math,https://github.com/apache/commons-math.git,427,433100,1.0
744,eagle,https://github.com/apache/eagle.git,411,433400,1.0
745,logging-log4j2,https://github.com/apache/logging-log4j2.git,1700,437000,1.0
746,usergrid,https://github.com/apache/usergrid.git,999,437200,1.0
747,tez,https://github.com/apache/tez.git,344,439500,1.0
748,tajo,https://github.com/apache/tajo.git,131,457000,1.0
749,axis-axis1-java,https://github.com/apache/axis-axis1-java.git,3,466700,1.0
750,uima-ducc,https://github.com/apache/uima-ducc.git,9,476800,1.0
751,jmeter,https://github.com/apache/jmeter.git,5700,477100,1.0
752,mahout,https://github.com/apache/mahout.git,2000,477300,1.0
753,zeppelin,https://github.com/apache/zeppelin.git,5500,477400,1.0
754,gobblin,https://github.com/apache/gobblin.git,2000,486000,1.0
755,apex-malhar,https://github.com/apache/apex-malhar.git,131,491900,1.0
756,incubator-retired-blur,https://github.com/apache/incubator-retired-blur.git,33,492500,1.0
757,rya,https://github.com/apache/rya.git,103,496800,1.0
758,atlas,https://github.com/apache/atlas.git,1100,500600,1.0
759,directory-ldap-api,https://github.com/apache/directory-ldap-api.git,24,509600,1.0
760,iotdb,https://github.com/apache/iotdb.git,1700,511700,1.0
761,brooklyn-server,https://github.com/apache/brooklyn-server.git,34,515700,1.0
762,wicket,https://github.com/apache/wicket.git,592,515799,1.0
763,tomcat55,https://github.com/apache/tomcat55.git,8,522700,1.0
764,xmlgraphics-batik,https://github.com/apache/xmlgraphics-batik.git,137,524300,1.0
765,plc4x,https://github.com/apache/plc4x.git,433,532100,1.0
766,directory-studio,https://github.com/apache/directory-studio.git,81,535500,1.0
767,ode,https://github.com/apache/ode.git,43,542300,1.0
768,manifoldcf,https://github.com/apache/manifoldcf.git,68,543900,1.0
769,bookkeeper,https://github.com/apache/bookkeeper.git,1400,544900,1.0
770,maven-plugins,https://github.com/apache/maven-plugins.git,241,551600,1.0
771,pdfbox,https://github.com/apache/pdfbox.git,1600,557500,1.0
772,camel-kafka-connector,https://github.com/apache/camel-kafka-connector.git,95,562400,1.0
773,phoenix,https://github.com/apache/phoenix.git,910,566200,1.0
774,ozone,https://github.com/apache/ozone.git,438,574800,1.0
775,portals-pluto,https://github.com/apache/portals-pluto.git,25,575000,1.0
776,tuscany-sca-2.x,https://github.com/apache/tuscany-sca-2.x.git,24,581700,1.0
777,metron,https://github.com/apache/metron.git,831,588100,1.0
778,incubator-linkis,https://github.com/apache/incubator-linkis.git,2300,591300,1.0
779,qpid-broker-j,https://github.com/apache/qpid-broker-j.git,45,594700,1.0
780,pig,https://github.com/apache/pig.git,640,624100,1.0
781,jackrabbit,https://github.com/apache/jackrabbit.git,281,660200,1.0
782,calcite,https://github.com/apache/calcite.git,2800,665400,1.0
783,odftoolkit,https://github.com/apache/odftoolkit.git,37,676600,1.0
784,axis-axis2-java-core,https://github.com/apache/axis-axis2-java-core.git,7,682500,1.0
785,xmlgraphics-fop,https://github.com/apache/xmlgraphics-fop.git,134,692100,1.0
786,groovy,https://github.com/apache/groovy.git,4400,693100,1.0
787,geronimo,https://github.com/apache/geronimo.git,33,708500,1.0
788,tomcat80,https://github.com/apache/tomcat80.git,116,711300,1.0
789,sis,https://github.com/apache/sis.git,79,742700,1.0
790,incubator-retired-openaz,https://github.com/apache/incubator-retired-openaz.git,16,772100,1.0
791,tapestry-5,https://github.com/apache/tapestry-5.git,91,792100,1.0
792,tomcat,https://github.com/apache/tomcat.git,5700,824600,1.0
793,openjpa,https://github.com/apache/openjpa.git,96,850500,1.0
794,accumulo,https://github.com/apache/accumulo.git,895,854600,1.0
795,incubator-sedona,https://github.com/apache/incubator-sedona.git,1000,868600,1.0
796,shardingsphere,https://github.com/apache/shardingsphere.git,15000,895700,1.0
797,ranger,https://github.com/apache/ranger.git,558,913100,1.0
798,juddi,https://github.com/apache/juddi.git,15,913800,1.0
799,uima-uimaj,https://github.com/apache/uima-uimaj.git,46,937300,1.0
800,activemq,https://github.com/apache/activemq.git,2000,947900,1.0
801,kafka,https://github.com/apache/kafka.git,20600,949900,1.0
802,jackrabbit-oak,https://github.com/apache/jackrabbit-oak.git,335,955300,1.0
803,felix-dev,https://github.com/apache/felix-dev.git,66,967300,1.0
804,incubator-doris,https://github.com/apache/incubator-doris.git,3600,1000000,1.0
805,commons-rng,https://github.com/apache/commons-rng.git,32,1000000,1.0
806,james-project,https://github.com/apache/james-project.git,554,1100000,1.0
807,pinot,https://github.com/apache/pinot.git,3700,1100000,1.0
808,cassandra,https://github.com/apache/cassandra.git,7000,1100000,1.0
809,tinkerpop,https://github.com/apache/tinkerpop.git,1400,1100000,1.0
810,incubator-ambari,https://github.com/apache/incubator-ambari.git,5,1200000,0.0
811,drill,https://github.com/apache/drill.git,1600,1200000,1.0
812,directory-server,https://github.com/apache/directory-server.git,89,1200000,1.0
813,lucene,https://github.com/apache/lucene.git,602,1300000,1.0
814,ofbiz,https://github.com/apache/ofbiz.git,731,1300000,0.0
815,tomee,https://github.com/apache/tomee.git,377,1300000,1.0
816,kylin,https://github.com/apache/kylin.git,3200,1300000,1.0
817,ofbiz-framework,https://github.com/apache/ofbiz-framework.git,403,1300000,1.0
818,incubator-hop,https://github.com/apache/incubator-hop.git,173,1300000,1.0
819,activemq-artemis,https://github.com/apache/activemq-artemis.git,762,1300000,1.0
820,cxf,https://github.com/apache/cxf.git,742,1400000,1.0
821,hbase,https://github.com/apache/hbase.git,4300,1400000,1.0
822,druid,https://github.com/apache/druid.git,11400,1400000,1.0
823,solr,https://github.com/apache/solr.git,269,1600000,1.0
824,nifi,https://github.com/apache/nifi.git,2900,1700000,1.0
825,stratos,https://github.com/apache/stratos.git,153,1700000,1.0
826,derby,https://github.com/apache/derby.git,265,1800000,1.0
827,asterixdb-hyracks,https://github.com/apache/asterixdb-hyracks.git,16,1900000,1.0
828,harmony-classlib,https://github.com/apache/harmony-classlib.git,5,1900000,1.0
829,geode,https://github.com/apache/geode.git,2000,2300000,1.0
830,cloudstack,https://github.com/apache/cloudstack.git,1100,2500000,1.0
831,harmony,https://github.com/apache/harmony.git,69,2500000,1.0
832,pulsar,https://github.com/apache/pulsar.git,10100,2500000,1.0
833,ambari,https://github.com/apache/ambari.git,1600,2600000,1.0
834,iceberg,https://github.com/apache/iceberg.git,2200,3200000,1.0
835,ignite,https://github.com/apache/ignite.git,4000,3200000,1.0
836,camel,https://github.com/apache/camel.git,4000,3300000,1.0
837,flink,https://github.com/apache/flink.git,17700,3300000,1.0
838,systemds,https://github.com/apache/systemds.git,883,3400000,1.0
839,tika,https://github.com/apache/tika.git,1300,3500000,1.0
840,ctakes,https://github.com/apache/ctakes.git,80,3500000,1.0
841,myfaces-trinidad,https://github.com/apache/myfaces-trinidad.git,3,3700000,1.0
842,hadoop,https://github.com/apache/hadoop.git,12200,4700000,1.0
843,hive,https://github.com/apache/hive.git,4000,6200000,1.0
844,incubator-tuweni,https://github.com/apache/incubator-tuweni.git,127,8000000,1.0
845,netbeans,https://github.com/apache/netbeans.git,1700,22000000,1.0
