Name,Repository,Stars,LOC
hudi,https://github.com/apache/hudi.git,2.6k,327.8*1000
pulsar,https://github.com/apache/pulsar.git,10.1k,2.5*1000000
manifoldcf,https://github.com/apache/manifoldcf.git,68,543.9*1000
groovy,https://github.com/apache/groovy.git,4.4k,693.1*1000
incubator-doris,https://github.com/apache/incubator-doris.git,3.6k,1.0*1000000
pdfbox,https://github.com/apache/pdfbox.git,1.6k,557.5*1000
shardingsphere,https://github.com/apache/shardingsphere.git,15k,895.7*1000
dubbo,https://github.com/apache/dubbo.git,36.6k,359.8*1000
xmlbeans,https://github.com/apache/xmlbeans.git,39,392.2*1000
camel,https://github.com/apache/camel.git,4k,3.3*1000000
dolphinscheduler,https://github.com/apache/dolphinscheduler.git,6.9k,325.8*1000
incubator-shenyu,https://github.com/apache/incubator-shenyu.git,5.6k,196.6*1000
kafka,https://github.com/apache/kafka.git,20.6k,949.9*1000
pinot,https://github.com/apache/pinot.git,3.7k,1.1*1000000
lucene,https://github.com/apache/lucene.git,602,1.3*1000000
directory-fortress-commander,https://github.com/apache/directory-fortress-commander.git,9,33.3*1000
directory-fortress-enmasse,https://github.com/apache/directory-fortress-enmasse.git,5,25.9*1000
zookeeper,https://github.com/apache/zookeeper.git,10k,289.5*1000
ozone,https://github.com/apache/ozone.git,438,574.8*1000
camel-quarkus,https://github.com/apache/camel-quarkus.git,154,380.4*1000
knox,https://github.com/apache/knox.git,128,339.7*1000
directory-fortress-realm,https://github.com/apache/directory-fortress-realm.git,4,4.0*1000
mnemonic,https://github.com/apache/mnemonic.git,101,44.9*1000
skywalking,https://github.com/apache/skywalking.git,18.3k,216.6*1000
james-project,https://github.com/apache/james-project.git,554,1.1*1000000
logging-log4j2,https://github.com/apache/logging-log4j2.git,1.7k,437.0*1000
ignite,https://github.com/apache/ignite.git,4k,3.2*1000000
directory-fortress-core,https://github.com/apache/directory-fortress-core.git,36,149.5*1000
tapestry-5,https://github.com/apache/tapestry-5.git,91,792.1*1000
mina-ftpserver,https://github.com/apache/mina-ftpserver.git,24,46.1*1000
atlas,https://github.com/apache/atlas.git,1.1k,500.6*1000
maven-enforcer,https://github.com/apache/maven-enforcer.git,77,35.0*1000
calcite,https://github.com/apache/calcite.git,2.8k,665.4*1000
flink,https://github.com/apache/flink.git,17.7k,3.3*1000000
commons-vfs,https://github.com/apache/commons-vfs.git,154,90.0*1000
bookkeeper,https://github.com/apache/bookkeeper.git,1.4k,544.9*1000
flume,https://github.com/apache/flume.git,2.2k,178.1*1000
calcite-avatica,https://github.com/apache/calcite-avatica.git,149,75.0*1000
aries-jax-rs-whiteboard,https://github.com/apache/aries-jax-rs-whiteboard.git,26,31.3*1000
nifi,https://github.com/apache/nifi.git,2.9k,1.7*1000000
cxf,https://github.com/apache/cxf.git,742,1.4*1000000
netbeans,https://github.com/apache/netbeans.git,1.7k,22.0*1000000
phoenix,https://github.com/apache/phoenix.git,910,566.2*1000
solr,https://github.com/apache/solr.git,269,1.6*1000000
drill,https://github.com/apache/drill.git,1.6k,1.2*1000000
druid,https://github.com/apache/druid.git,11.4k,1.4*1000000
hive,https://github.com/apache/hive.git,4k,6.2*1000000
geode,https://github.com/apache/geode.git,2k,2.3*1000000
hbase,https://github.com/apache/hbase.git,4.3k,1.4*1000000
karaf,https://github.com/apache/karaf.git,570,283.9*1000
hadoop,https://github.com/apache/hadoop.git,12.2k,4.7*1000000
avro,https://github.com/apache/avro.git,2k,319.8*1000
httpcomponents-client,https://github.com/apache/httpcomponents-client.git,1.1k,124.3*1000
rocketmq,https://github.com/apache/rocketmq.git,16.1k,184.2*1000
ofbiz-framework,https://github.com/apache/ofbiz-framework.git,403,1.3*1000000
archiva,https://github.com/apache/archiva.git,292,361.2*1000
iotdb,https://github.com/apache/iotdb.git,1.7k,511.7*1000
tika,https://github.com/apache/tika.git,1.3k,3.5*1000000
activemq-artemis,https://github.com/apache/activemq-artemis.git,762,1.3*1000000
ofbiz-plugins,https://github.com/apache/ofbiz-plugins.git,95,365.8*1000
cloudstack,https://github.com/apache/cloudstack.git,1.1k,2.5*1000000
hbase-operator-tools,https://github.com/apache/hbase-operator-tools.git,103,19.4*1000
axis-axis2-java-core,https://github.com/apache/axis-axis2-java-core.git,7,682.5*1000
flink-ml,https://github.com/apache/flink-ml.git,58,30.9*1000
commons-statistics,https://github.com/apache/commons-statistics.git,25,49.1*1000
incubator-streampipes,https://github.com/apache/incubator-streampipes.git,279,109.1*1000
roller,https://github.com/apache/roller.git,104,118.6*1000
geode-benchmarks,https://github.com/apache/geode-benchmarks.git,4,22.4*1000
incubator-sedona,https://github.com/apache/incubator-sedona.git,1k,868.6*1000
samza,https://github.com/apache/samza.git,709,285.3*1000
accumulo,https://github.com/apache/accumulo.git,895,854.6*1000
tinkerpop,https://github.com/apache/tinkerpop.git,1.4k,1.1*1000000
incubator-eventmesh,https://github.com/apache/incubator-eventmesh.git,748,55.8*1000
ranger,https://github.com/apache/ranger.git,558,913.1*1000
iceberg,https://github.com/apache/iceberg.git,2.2k,3.2*1000000
submarine,https://github.com/apache/submarine.git,527,163.5*1000
camel-karaf,https://github.com/apache/camel-karaf.git,13,54.7*1000
httpcomponents-core,https://github.com/apache/httpcomponents-core.git,269,137.0*1000
cassandra,https://github.com/apache/cassandra.git,7k,1.1*1000000
ignite-3,https://github.com/apache/ignite-3.git,43,347.2*1000
maven,https://github.com/apache/maven.git,2.9k,210.6*1000
camel-kamelets,https://github.com/apache/camel-kamelets.git,19,76.6*1000
ignite-teamcity-bot,https://github.com/apache/ignite-teamcity-bot.git,8,73.8*1000
incubator-heron,https://github.com/apache/incubator-heron.git,3.6k,413.9*1000
sling-org-apache-sling-testing-sling-mock,https://github.com/apache/sling-org-apache-sling-testing-sling-mock.git,4,15.0*1000
tomcat,https://github.com/apache/tomcat.git,5.7k,824.6*1000
jmeter,https://github.com/apache/jmeter.git,5.7k,477.1*1000
uima-uimaj,https://github.com/apache/uima-uimaj.git,46,937.3*1000
sling-whiteboard,https://github.com/apache/sling-whiteboard.git,34,102.5*1000
skywalking-java,https://github.com/apache/skywalking-java.git,146,264.5*1000
incubator-inlong,https://github.com/apache/incubator-inlong.git,454,369.4*1000
syncope,https://github.com/apache/syncope.git,158,413.8*1000
ratis,https://github.com/apache/ratis.git,610,101.0*1000
servicecomb-samples,https://github.com/apache/servicecomb-samples.git,486,17.5*1000
turbine-core,https://github.com/apache/turbine-core.git,3,134.5*1000
camel-spring-boot,https://github.com/apache/camel-spring-boot.git,76,360.2*1000
helix,https://github.com/apache/helix.git,352,354.1*1000
sling-org-apache-sling-jcr-contentloader,https://github.com/apache/sling-org-apache-sling-jcr-contentloader.git,1,14.2*1000
commons-lang,https://github.com/apache/commons-lang.git,2.2k,187.9*1000
geode-examples,https://github.com/apache/geode-examples.git,63,10.9*1000
incubator-linkis,https://github.com/apache/incubator-linkis.git,2.3k,591.3*1000
gobblin,https://github.com/apache/gobblin.git,2k,486.0*1000
incubator-hop,https://github.com/apache/incubator-hop.git,173,1.3*1000000
sis,https://github.com/apache/sis.git,79,742.7*1000
accumulo-examples,https://github.com/apache/accumulo-examples.git,31,13.5*1000
dubbo-samples,https://github.com/apache/dubbo-samples.git,1.6k,132.3*1000
felix-dev,https://github.com/apache/felix-dev.git,66,967.3*1000
zeppelin,https://github.com/apache/zeppelin.git,5.5k,477.4*1000
camel-kafka-connector,https://github.com/apache/camel-kafka-connector.git,95,562.4*1000
kylin,https://github.com/apache/kylin.git,3.2k,1.3*1000000
commons-io,https://github.com/apache/commons-io.git,822,92.6*1000
hbase-filesystem,https://github.com/apache/hbase-filesystem.git,7,7.1*1000
sling-org-apache-sling-commons-messaging-mail,https://github.com/apache/sling-org-apache-sling-commons-messaging-mail.git,2,4.5*1000
commons-pool,https://github.com/apache/commons-pool.git,386,32.0*1000
apisix-java-plugin-runner,https://github.com/apache/apisix-java-plugin-runner.git,43,6.4*1000
jackrabbit-filevault,https://github.com/apache/jackrabbit-filevault.git,37,114.9*1000
commons-jcs,https://github.com/apache/commons-jcs.git,80,163.5*1000
sling-org-apache-sling-testing-clients,https://github.com/apache/sling-org-apache-sling-testing-clients.git,7,11.8*1000
parquet-mr,https://github.com/apache/parquet-mr.git,1.4k,168.7*1000
rocketmq-streams,https://github.com/apache/rocketmq-streams.git,65,330.1*1000
systemds,https://github.com/apache/systemds.git,883,3.4*1000000
sling-org-apache-sling-starter,https://github.com/apache/sling-org-apache-sling-starter.git,15,2.8*1000
sling-org-apache-sling-feature-extension-apiregions,https://github.com/apache/sling-org-apache-sling-feature-extension-apiregions.git,1,3.6*1000
sling-org-apache-sling-feature-analyser,https://github.com/apache/sling-org-apache-sling-feature-analyser.git,1,9.2*1000
plc4x,https://github.com/apache/plc4x.git,433,532.1*1000
pulsar-manager,https://github.com/apache/pulsar-manager.git,353,43.7*1000
commons-text,https://github.com/apache/commons-text.git,226,54.8*1000
commons-imaging,https://github.com/apache/commons-imaging.git,286,117.1*1000
deltaspike,https://github.com/apache/deltaspike.git,135,180.9*1000
openwebbeans,https://github.com/apache/openwebbeans.git,51,170.8*1000
tomee,https://github.com/apache/tomee.git,377,1.3*1000000
commons-numbers,https://github.com/apache/commons-numbers.git,45,81.8*1000
oozie,https://github.com/apache/oozie.git,627,354.5*1000
accumulo-testing,https://github.com/apache/accumulo-testing.git,14,33.0*1000
cxf-fediz,https://github.com/apache/cxf-fediz.git,18,103.8*1000
jackrabbit,https://github.com/apache/jackrabbit.git,281,660.2*1000
xmlgraphics-fop,https://github.com/apache/xmlgraphics-fop.git,134,692.1*1000
sling-org-apache-sling-testing-osgi-mock,https://github.com/apache/sling-org-apache-sling-testing-osgi-mock.git,2,14.1*1000
turbine-fulcrum-json,https://github.com/apache/turbine-fulcrum-json.git,1,10.2*1000
bahir-flink,https://github.com/apache/bahir-flink.git,564,29.7*1000
sling-org-apache-sling-testing-sling-mock-oak,https://github.com/apache/sling-org-apache-sling-testing-sling-mock-oak.git,3,2.9*1000
guacamole-client,https://github.com/apache/guacamole-client.git,911,210.3*1000
rocketmq-dashboard,https://github.com/apache/rocketmq-dashboard.git,159,290.4*1000
openjpa,https://github.com/apache/openjpa.git,96,850.5*1000
jackrabbit-oak,https://github.com/apache/jackrabbit-oak.git,335,955.3*1000
sling-org-apache-sling-resourceresolver,https://github.com/apache/sling-org-apache-sling-resourceresolver.git,6,29.6*1000
brooklyn-server,https://github.com/apache/brooklyn-server.git,34,515.7*1000
incubator-wayang,https://github.com/apache/incubator-wayang.git,32,185.0*1000
sling-org-apache-sling-testing-caconfig-mock-plugin,https://github.com/apache/sling-org-apache-sling-testing-caconfig-mock-plugin.git,1,1.4*1000
sling-org-apache-sling-models-integration-tests,https://github.com/apache/sling-org-apache-sling-models-integration-tests.git,1,23.2*1000
sling-org-apache-sling-models-validation-impl,https://github.com/apache/sling-org-apache-sling-models-validation-impl.git,1,1.1*1000
sling-org-apache-sling-models-jacksonexporter,https://github.com/apache/sling-org-apache-sling-models-jacksonexporter.git,1,1.8*1000
sling-org-apache-sling-models-impl,https://github.com/apache/sling-org-apache-sling-models-impl.git,15,16.4*1000
sling-org-apache-sling-models-api,https://github.com/apache/sling-org-apache-sling-models-api.git,2,3.1*1000
xmlgraphics-commons,https://github.com/apache/xmlgraphics-commons.git,14,79.7*1000
commons-compress,https://github.com/apache/commons-compress.git,207,143.5*1000
archiva-components,https://github.com/apache/archiva-components.git,1,18.1*1000
wicket,https://github.com/apache/wicket.git,592,515.8*1000
juneau,https://github.com/apache/juneau.git,68,229.2*1000
commons-collections,https://github.com/apache/commons-collections.git,527,137.8*1000
sling-org-apache-sling-commons-metrics,https://github.com/apache/sling-org-apache-sling-commons-metrics.git,2,4.3*1000
servicemix-bundles,https://github.com/apache/servicemix-bundles.git,41,108.7*1000
activemq,https://github.com/apache/activemq.git,2k,947.9*1000
commons-release-plugin,https://github.com/apache/commons-release-plugin.git,9,8.5*1000
datasketches-java,https://github.com/apache/datasketches-java.git,745,113.3*1000
jspwiki,https://github.com/apache/jspwiki.git,79,429.7*1000
nutch,https://github.com/apache/nutch.git,2.3k,30*1000
commons-csv,https://github.com/apache/commons-csv.git,259,36.2*1000
nifi-maven,https://github.com/apache/nifi-maven.git,17,3.2*1000
sling-org-apache-sling-validation-core,https://github.com/apache/sling-org-apache-sling-validation-core.git,1,5.7*1000
commons-ognl,https://github.com/apache/commons-ognl.git,62,40.3*1000
dubbo-admin,https://github.com/apache/dubbo-admin.git,3.4k,57.8*1000
sling-org-apache-sling-testing-resourceresolver-mock,https://github.com/apache/sling-org-apache-sling-testing-resourceresolver-mock.git,1,4.4*1000
sling-org-apache-sling-validation-examples,https://github.com/apache/sling-org-apache-sling-validation-examples.git,1,824
sling-jspc-maven-plugin,https://github.com/apache/sling-jspc-maven-plugin.git,2,5.0*1000
sling-org-apache-sling-feature-launcher,https://github.com/apache/sling-org-apache-sling-feature-launcher.git,5,4.0*1000
sling-org-apache-sling-validation-test-services,https://github.com/apache/sling-org-apache-sling-validation-test-services.git,1,641
ws-wss4j,https://github.com/apache/ws-wss4j.git,10,196.7*1000
santuario-xml-security-java,https://github.com/apache/santuario-xml-security-java.git,16,208.5*1000
sling-org-apache-sling-validation-api,https://github.com/apache/sling-org-apache-sling-validation-api.git,1,1.4*1000
rocketmq-spring,https://github.com/apache/rocketmq-spring.git,1.5k,9.6*1000
velocity-tools,https://github.com/apache/velocity-tools.git,35,72.2*1000
hbase-thirdparty,https://github.com/apache/hbase-thirdparty.git,11,6.5*1000
camel-performance-tests,https://github.com/apache/camel-performance-tests.git,4,56.4*1000
dubbo-hessian-lite,https://github.com/apache/dubbo-hessian-lite.git,36,27.2*1000
commons-jexl,https://github.com/apache/commons-jexl.git,105,57.6*1000
commons-cli,https://github.com/apache/commons-cli.git,233,9.9*1000
commons-dbcp,https://github.com/apache/commons-dbcp.git,270,56.0*1000
tez,https://github.com/apache/tez.git,344,439.5*1000
plc4x-build-tools,https://github.com/apache/plc4x-build-tools.git,8,16.4*1000
commons-math,https://github.com/apache/commons-math.git,427,433.1*1000
commons-codec,https://github.com/apache/commons-codec.git,331,55.8*1000
sling-org-apache-sling-superimposing,https://github.com/apache/sling-org-apache-sling-superimposing.git,2,2.3*1000
incubator-tuweni,https://github.com/apache/incubator-tuweni.git,127,8.0*1000000
commons-fileupload,https://github.com/apache/commons-fileupload.git,160,16.2*1000
sling-org-apache-sling-testing-jcr-mock,https://github.com/apache/sling-org-apache-sling-testing-jcr-mock.git,1,5.5*1000
skywalking-banyandb-java-client,https://github.com/apache/skywalking-banyandb-java-client.git,10,8.4*1000
commons-crypto,https://github.com/apache/commons-crypto.git,83,19.2*1000
commons-chain,https://github.com/apache/commons-chain.git,48,26.9*1000
commons-dbutils,https://github.com/apache/commons-dbutils.git,289,18.0*1000
openmeetings,https://github.com/apache/openmeetings.git,518,179.2*1000
incubator-hivemall,https://github.com/apache/incubator-hivemall.git,296,152.6*1000
flink-statefun,https://github.com/apache/flink-statefun.git,319,85.4*1000
servicecomb-java-chassis,https://github.com/apache/servicecomb-java-chassis.git,1.7k,315.7*1000
sling-feature-launcher-maven-plugin,https://github.com/apache/sling-feature-launcher-maven-plugin.git,1,1.5*1000
uima-ruta,https://github.com/apache/uima-ruta.git,10,216.0*1000
incubator-datalab,https://github.com/apache/incubator-datalab.git,96,235.7*1000
sling-org-apache-sling-feature-cpconverter,https://github.com/apache/sling-org-apache-sling-feature-cpconverter.git,7,19.4*1000
camel-quarkus-examples,https://github.com/apache/camel-quarkus-examples.git,30,13.5*1000
ignite-extensions,https://github.com/apache/ignite-extensions.git,21,79.6*1000
mina,https://github.com/apache/mina.git,805,46.5*1000
james-mime4j,https://github.com/apache/james-mime4j.git,38,114.6*1000
jackrabbit-filevault-package-maven-plugin,https://github.com/apache/jackrabbit-filevault-package-maven-plugin.git,7,25.1*1000
sling-org-apache-sling-servlets-resolver,https://github.com/apache/sling-org-apache-sling-servlets-resolver.git,5,16.6*1000
sling-org-apache-sling-installer-provider-file,https://github.com/apache/sling-org-apache-sling-installer-provider-file.git,2,1.4*1000
camel-k-runtime,https://github.com/apache/camel-k-runtime.git,40,46.0*1000
sling-org-apache-sling-pipes,https://github.com/apache/sling-org-apache-sling-pipes.git,7,14.7*1000
sling-org-apache-sling-scripting-core,https://github.com/apache/sling-org-apache-sling-scripting-core.git,1,12.8*1000
turbine-fulcrum-testcontainer,https://github.com/apache/turbine-fulcrum-testcontainer.git,1,2.9*1000
ant-ivy,https://github.com/apache/ant-ivy.git,51,411.6*1000
johnzon,https://github.com/apache/johnzon.git,38,135.4*1000
commons-net,https://github.com/apache/commons-net.git,163,65.5*1000
commons-configuration,https://github.com/apache/commons-configuration.git,138,72.3*1000
commons-beanutils,https://github.com/apache/commons-beanutils.git,205,73.8*1000
flink-benchmarks,https://github.com/apache/flink-benchmarks.git,67,9.6*1000
sling-scriptingbundle-maven-plugin,https://github.com/apache/sling-scriptingbundle-maven-plugin.git,2,5.3*1000
sling-org-apache-sling-scripting-bundle-tracker-it,https://github.com/apache/sling-org-apache-sling-scripting-bundle-tracker-it.git,1,6.6*1000
commons-geometry,https://github.com/apache/commons-geometry.git,25,143.0*1000
commons-logging,https://github.com/apache/commons-logging.git,111,19.7*1000
commons-email,https://github.com/apache/commons-email.git,91,19.3*1000
datasketches-memory,https://github.com/apache/datasketches-memory.git,99,28.7*1000
sling-org-apache-sling-launchpad-test-services,https://github.com/apache/sling-org-apache-sling-launchpad-test-services.git,2,8.7*1000
rocketmq-flink,https://github.com/apache/rocketmq-flink.git,29,9.0*1000
datafu,https://github.com/apache/datafu.git,85,68.4*1000
sling-org-apache-sling-discovery-standalone,https://github.com/apache/sling-org-apache-sling-discovery-standalone.git,1,1.1*1000
ambari,https://github.com/apache/ambari.git,1.6k,2.6*1000000
sling-org-apache-sling-jcr-jackrabbit-usermanager,https://github.com/apache/sling-org-apache-sling-jcr-jackrabbit-usermanager.git,2,15.5*1000
directory-ldap-api,https://github.com/apache/directory-ldap-api.git,24,509.6*1000
cassandra-harry,https://github.com/apache/cassandra-harry.git,43,20.6*1000
directory-server,https://github.com/apache/directory-server.git,89,1.2*1000000
qpid-broker-j,https://github.com/apache/qpid-broker-j.git,45,594.7*1000
curator,https://github.com/apache/curator.git,2.7k,103.1*1000
opennlp,https://github.com/apache/opennlp.git,1.1k,279.4*1000
cassandra-sidecar,https://github.com/apache/cassandra-sidecar.git,24,7.4*1000
sling-org-apache-sling-i18n,https://github.com/apache/sling-org-apache-sling-i18n.git,5,5.2*1000
incubator-streampipes-examples,https://github.com/apache/incubator-streampipes-examples.git,2,3.4*1000
freemarker,https://github.com/apache/freemarker.git,710,250.3*1000
incubator-streampipes-extensions,https://github.com/apache/incubator-streampipes-extensions.git,23,79.3*1000
flink-training,https://github.com/apache/flink-training.git,365,6.7*1000
qpid-protonj2,https://github.com/apache/qpid-protonj2.git,8,232.3*1000
commons-bsf,https://github.com/apache/commons-bsf.git,14,24.4*1000
commons-bcel,https://github.com/apache/commons-bcel.git,165,161.4*1000
aries-cdi,https://github.com/apache/aries-cdi.git,7,51.6*1000
db-jdo,https://github.com/apache/db-jdo.git,7,346.9*1000
uima-uimafit,https://github.com/apache/uima-uimafit.git,27,47.2*1000
mahout,https://github.com/apache/mahout.git,2k,477.3*1000
shardingsphere-elasticjob-ui,https://github.com/apache/shardingsphere-elasticjob-ui.git,89,31.7*1000
qpid-jms,https://github.com/apache/qpid-jms.git,59,171.3*1000
xmlgraphics-fop-pdf-images,https://github.com/apache/xmlgraphics-fop-pdf-images.git,5,13.4*1000
sling-org-apache-sling-scripting-sightly,https://github.com/apache/sling-org-apache-sling-scripting-sightly.git,10,7.0*1000
sling-org-apache-sling-jcr-resourcesecurity,https://github.com/apache/sling-org-apache-sling-jcr-resourcesecurity.git,1,565
sling-org-apache-sling-jcr-resource,https://github.com/apache/sling-org-apache-sling-jcr-resource.git,4,19.1*1000
sling-org-apache-sling-resourceaccesssecurity,https://github.com/apache/sling-org-apache-sling-resourceaccesssecurity.git,2,1.7*1000
sling-org-apache-sling-servlets-post,https://github.com/apache/sling-org-apache-sling-servlets-post.git,10,20.3*1000
sling-org-apache-sling-adapter,https://github.com/apache/sling-org-apache-sling-adapter.git,2,3.7*1000
sling-org-apache-sling-engine,https://github.com/apache/sling-org-apache-sling-engine.git,8,28.7*1000
sling-org-apache-sling-api,https://github.com/apache/sling-org-apache-sling-api.git,10,34.5*1000
camel-k-examples,https://github.com/apache/camel-k-examples.git,38,114.6*1000
gora,https://github.com/apache/gora.git,102,129.9*1000
directory-studio,https://github.com/apache/directory-studio.git,81,535.5*1000
shiro,https://github.com/apache/shiro.git,3.7k,18.8*1000
isis-app-simpleapp,https://github.com/apache/isis-app-simpleapp.git,5,9.7*1000
commons-exec,https://github.com/apache/commons-exec.git,80,11.6*1000
commons-digester,https://github.com/apache/commons-digester.git,42,89.3*1000
maven-install-plugin,https://github.com/apache/maven-install-plugin.git,13,8.4*1000
commons-scxml,https://github.com/apache/commons-scxml.git,25,43.4*1000
commons-rdf,https://github.com/apache/commons-rdf.git,30,28.8*1000
commons-validator,https://github.com/apache/commons-validator.git,138,42.3*1000
sling-org-apache-sling-commons-clam,https://github.com/apache/sling-org-apache-sling-commons-clam.git,2,1.5*1000
incubator-nemo,https://github.com/apache/incubator-nemo.git,90,101.5*1000
empire-db,https://github.com/apache/empire-db.git,28,113.3*1000
cassandra-in-jvm-dtest-api,https://github.com/apache/cassandra-in-jvm-dtest-api.git,3,5.8*1000
logging-log4j-tools,https://github.com/apache/logging-log4j-tools.git,8,4.1*1000
sling-org-apache-sling-hapi-client,https://github.com/apache/sling-org-apache-sling-hapi-client.git,2,2.2*1000
geronimo-batchee,https://github.com/apache/geronimo-batchee.git,2,66.3*1000
sling-org-apache-sling-clam,https://github.com/apache/sling-org-apache-sling-clam.git,2,3.8*1000
turbine-fulcrum-upload,https://github.com/apache/turbine-fulcrum-upload.git,1,1.7*1000
turbine-fulcrum-quartz,https://github.com/apache/turbine-fulcrum-quartz.git,1,1.9*1000
turbine-fulcrum-pool,https://github.com/apache/turbine-fulcrum-pool.git,1,2.1*1000
turbine-fulcrum-parser,https://github.com/apache/turbine-fulcrum-parser.git,1,9.0*1000
turbine-fulcrum-localization,https://github.com/apache/turbine-fulcrum-localization.git,1,2.5*1000
turbine-fulcrum-intake,https://github.com/apache/turbine-fulcrum-intake.git,1,26.5*1000
turbine-fulcrum-factory,https://github.com/apache/turbine-fulcrum-factory.git,1,2.0*1000
turbine-fulcrum-crypto,https://github.com/apache/turbine-fulcrum-crypto.git,1,1.6*1000
turbine-fulcrum-yaafi-crypto,https://github.com/apache/turbine-fulcrum-yaafi-crypto.git,1,8.0*1000
freemarker-generator,https://github.com/apache/freemarker-generator.git,26,37.1*1000
cassandra-diff,https://github.com/apache/cassandra-diff.git,10,8.7*1000
commons-rng,https://github.com/apache/commons-rng.git,32,1.0*1000000
fineract-cn-mobile,https://github.com/apache/fineract-cn-mobile.git,31,42.1*1000
airavata-mft,https://github.com/apache/airavata-mft.git,4,23.0*1000
sling-org-apache-sling-contentparser-xml-jcr,https://github.com/apache/sling-org-apache-sling-contentparser-xml-jcr.git,1,1.2*1000
pig,https://github.com/apache/pig.git,640,624.1*1000
sling-org-apache-sling-commons-log,https://github.com/apache/sling-org-apache-sling-commons-log.git,2,14.3*1000
infrastructure-jenkins,https://github.com/apache/infrastructure-jenkins.git,3,38.7*1000
geronimo-xbean,https://github.com/apache/geronimo-xbean.git,8,99.7*1000
sling-org-apache-sling-commons-content-processing,https://github.com/apache/sling-org-apache-sling-commons-content-processing.git,1,538
sling-org-apache-sling-commons-content-analyzing,https://github.com/apache/sling-org-apache-sling-commons-content-analyzing.git,1,536
sling-org-apache-sling-commons-messaging,https://github.com/apache/sling-org-apache-sling-commons-messaging.git,2,521
aries,https://github.com/apache/aries.git,97,368.0*1000
sling-org-apache-sling-commons-crypto,https://github.com/apache/sling-org-apache-sling-commons-crypto.git,1,3.8*1000
cordova-plugin-splashscreen,https://github.com/apache/cordova-plugin-splashscreen.git,618,5.0*1000
dubbo-spi-extensions,https://github.com/apache/dubbo-spi-extensions.git,70,43.7*1000
fineract-cn-accounting,https://github.com/apache/fineract-cn-accounting.git,17,16.6*1000
camel-kameleon,https://github.com/apache/camel-kameleon.git,24,4.0*1000
openwebbeans-meecrowave,https://github.com/apache/openwebbeans-meecrowave.git,54,44.8*1000
log4j,https://github.com/apache/log4j.git,805,127.7*1000
qpid-proton-j,https://github.com/apache/qpid-proton-j.git,28,108.7*1000
turbine-fulcrum-yaafi,https://github.com/apache/turbine-fulcrum-yaafi.git,1,23.6*1000
shardingsphere-elasticjob,https://github.com/apache/shardingsphere-elasticjob.git,7.4k,91.5*1000
isis-app-demo,https://github.com/apache/isis-app-demo.git,1,4.5*1000
skywalking-agent-test-tool,https://github.com/apache/skywalking-agent-test-tool.git,17,7.7*1000
sling-org-apache-sling-repoinit-parser,https://github.com/apache/sling-org-apache-sling-repoinit-parser.git,4,5.5*1000
iotdb-web-workbench,https://github.com/apache/iotdb-web-workbench.git,11,36.0*1000
oodt,https://github.com/apache/oodt.git,55,307.0*1000
uima-async-scaleout,https://github.com/apache/uima-async-scaleout.git,1,130.2*1000
sling-org-apache-sling-xss,https://github.com/apache/sling-org-apache-sling-xss.git,9,11.0*1000
phoenix-omid,https://github.com/apache/phoenix-omid.git,68,46.6*1000
sling-htl-maven-plugin,https://github.com/apache/sling-htl-maven-plugin.git,2,2.5*1000
rocketmq-exporter,https://github.com/apache/rocketmq-exporter.git,167,8.1*1000
netbeans-jackpot30,https://github.com/apache/netbeans-jackpot30.git,4,77.0*1000
creadur-tentacles,https://github.com/apache/creadur-tentacles.git,2,4.6*1000
sling-org-apache-sling-javax-activation,https://github.com/apache/sling-org-apache-sling-javax-activation.git,2,1.1*1000
sling-org-apache-sling-security,https://github.com/apache/sling-org-apache-sling-security.git,5,2.8*1000
sling-org-apache-sling-thumbnails,https://github.com/apache/sling-org-apache-sling-thumbnails.git,1,9.5*1000
parquet-format,https://github.com/apache/parquet-format.git,952,6.6*1000
sling-org-apache-sling-jms,https://github.com/apache/sling-org-apache-sling-jms.git,3,2.6*1000
karaf-decanter,https://github.com/apache/karaf-decanter.git,31,46.3*1000
axis-axis2-java-rampart,https://github.com/apache/axis-axis2-java-rampart.git,1,66.7*1000
james-jspf,https://github.com/apache/james-jspf.git,15,22.2*1000
sling-org-apache-sling-commons-threads,https://github.com/apache/sling-org-apache-sling-commons-threads.git,6,4.8*1000
commons-jxpath,https://github.com/apache/commons-jxpath.git,16,46.9*1000
fineract-cn-deposit-account-management,https://github.com/apache/fineract-cn-deposit-account-management.git,6,14.9*1000
olingo-odata2,https://github.com/apache/olingo-odata2.git,34,293.8*1000
sling-org-apache-sling-discovery-oak,https://github.com/apache/sling-org-apache-sling-discovery-oak.git,1,5.6*1000
velocity-engine,https://github.com/apache/velocity-engine.git,245,87.9*1000
james-jdkim,https://github.com/apache/james-jdkim.git,18,9.0*1000
aries-rsa,https://github.com/apache/aries-rsa.git,10,26.9*1000
olingo-odata4,https://github.com/apache/olingo-odata4.git,116,337.9*1000
sling-org-apache-sling-distribution-core,https://github.com/apache/sling-org-apache-sling-distribution-core.git,5,31.3*1000
sling-org-apache-sling-discovery-commons,https://github.com/apache/sling-org-apache-sling-discovery-commons.git,1,11.5*1000
sling-slingfeature-maven-plugin,https://github.com/apache/sling-slingfeature-maven-plugin.git,2,18.5*1000
sling-maven-plugin,https://github.com/apache/sling-maven-plugin.git,4,5.3*1000
commons-functor,https://github.com/apache/commons-functor.git,15,46.2*1000
aries-typedevent,https://github.com/apache/aries-typedevent.git,2,6.4*1000
commons-weaver,https://github.com/apache/commons-weaver.git,17,16.0*1000
commons-proxy,https://github.com/apache/commons-proxy.git,21,13.8*1000
commons-jelly,https://github.com/apache/commons-jelly.git,11,90.7*1000
commons-jci,https://github.com/apache/commons-jci.git,7,11.6*1000
sling-org-apache-sling-karaf-launchpad-oak-tar-integration-tests,https://github.com/apache/sling-org-apache-sling-karaf-launchpad-oak-tar-integration-tests.git,1,678
sling-org-apache-sling-karaf-integration-tests,https://github.com/apache/sling-org-apache-sling-karaf-integration-tests.git,1,6.0*1000
netbeans-mavenutils-nbm-maven-plugin,https://github.com/apache/netbeans-mavenutils-nbm-maven-plugin.git,10,10.6*1000
fineract-cn-customer,https://github.com/apache/fineract-cn-customer.git,9,18.6*1000
xmlgraphics-batik,https://github.com/apache/xmlgraphics-batik.git,137,524.3*1000
sling-org-apache-sling-installer-factory-configuration,https://github.com/apache/sling-org-apache-sling-installer-factory-configuration.git,2,2.5*1000
creadur-rat,https://github.com/apache/creadur-rat.git,11,54.4*1000
creadur-whisker,https://github.com/apache/creadur-whisker.git,2,41.9*1000
turbine-fulcrum,https://github.com/apache/turbine-fulcrum.git,2,212.2*1000
sling-org-apache-sling-fsresource,https://github.com/apache/sling-org-apache-sling-fsresource.git,4,10.9*1000
directory-kerby,https://github.com/apache/directory-kerby.git,92,229.1*1000
directory-mavibot,https://github.com/apache/directory-mavibot.git,12,72.8*1000
clerezza,https://github.com/apache/clerezza.git,36,42.9*1000
sling-org-apache-sling-launchpad-integration-tests,https://github.com/apache/sling-org-apache-sling-launchpad-integration-tests.git,5,23.2*1000
isis-app-helloworld,https://github.com/apache/isis-app-helloworld.git,2,1.6*1000
sling-org-apache-sling-auth-saml2,https://github.com/apache/sling-org-apache-sling-auth-saml2.git,3,5.4*1000
sling-org-apache-sling-discovery-base,https://github.com/apache/sling-org-apache-sling-discovery-base.git,2,12.6*1000
skywalking-kong,https://github.com/apache/skywalking-kong.git,14,3.9*1000
fineract-cn-anubis,https://github.com/apache/fineract-cn-anubis.git,3,9.3*1000
commons-graph,https://github.com/apache/commons-graph.git,14,22.9*1000
aries-jpa,https://github.com/apache/aries-jpa.git,12,20.1*1000
dubbo-spring-boot-project,https://github.com/apache/dubbo-spring-boot-project.git,5.2k,14.9*1000
servicecomb-toolkit,https://github.com/apache/servicecomb-toolkit.git,454,68.6*1000
commons-testing,https://github.com/apache/commons-testing.git,5,3.5*1000
myfaces-trinidad,https://github.com/apache/myfaces-trinidad.git,3,3.7*1000000
sling-org-apache-sling-event,https://github.com/apache/sling-org-apache-sling-event.git,4,20.0*1000
shardingsphere-ui,https://github.com/apache/shardingsphere-ui.git,38,14.6*1000
sling-org-apache-sling-scripting-sightly-testing,https://github.com/apache/sling-org-apache-sling-scripting-sightly-testing.git,1,3.1*1000
sling-org-apache-sling-commons-johnzon,https://github.com/apache/sling-org-apache-sling-commons-johnzon.git,1,694
sling-org-apache-sling-feature,https://github.com/apache/sling-org-apache-sling-feature.git,11,14.7*1000
sling-org-apache-sling-distribution-journal,https://github.com/apache/sling-org-apache-sling-distribution-journal.git,6,15.3*1000
fineract-cn-provisioner,https://github.com/apache/fineract-cn-provisioner.git,8,9.2*1000
flink-playgrounds,https://github.com/apache/flink-playgrounds.git,238,3.8*1000
sling-org-apache-sling-scripting-sightly-runtime,https://github.com/apache/sling-org-apache-sling-scripting-sightly-runtime.git,1,3.0*1000
sling-org-apache-sling-scripting-sightly-compiler,https://github.com/apache/sling-org-apache-sling-scripting-sightly-compiler.git,3,14.8*1000
incubator-nlpcraft-java-client,https://github.com/apache/incubator-nlpcraft-java-client.git,6,17.2*1000
datasketches-server,https://github.com/apache/datasketches-server.git,1,3.8*1000
sling-org-apache-sling-installer-factory-feature,https://github.com/apache/sling-org-apache-sling-installer-factory-feature.git,1,1.9*1000
sling-org-apache-sling-installer-core,https://github.com/apache/sling-org-apache-sling-installer-core.git,4,12.5*1000
datasketches-characterization,https://github.com/apache/datasketches-characterization.git,9,59.0*1000
activemq-artemis-native,https://github.com/apache/activemq-artemis-native.git,8,6.7*1000
sling-org-apache-sling-junit-core,https://github.com/apache/sling-org-apache-sling-junit-core.git,2,8.5*1000
james-jsieve,https://github.com/apache/james-jsieve.git,7,25.4*1000
directory-scimple,https://github.com/apache/directory-scimple.git,22,162.1*1000
sling-org-apache-sling-junit-scriptable,https://github.com/apache/sling-org-apache-sling-junit-scriptable.git,1,1.6*1000
sling-org-apache-sling-junit-remote,https://github.com/apache/sling-org-apache-sling-junit-remote.git,1,1.5*1000
sling-org-apache-sling-junit-performance,https://github.com/apache/sling-org-apache-sling-junit-performance.git,1,2.5*1000
sling-org-apache-sling-junit-healthcheck,https://github.com/apache/sling-org-apache-sling-junit-healthcheck.git,2,734
james-postage,https://github.com/apache/james-postage.git,2,5.7*1000
sling-maven-launchpad-plugin,https://github.com/apache/sling-maven-launchpad-plugin.git,2,5.7*1000
sling-org-apache-sling-urlrewriter,https://github.com/apache/sling-org-apache-sling-urlrewriter.git,2,741
sling-org-apache-sling-tracer,https://github.com/apache/sling-org-apache-sling-tracer.git,2,3.8*1000
sling-org-apache-sling-tooling-support-source,https://github.com/apache/sling-org-apache-sling-tooling-support-source.git,1,1.1*1000
sling-org-apache-sling-tooling-support-install,https://github.com/apache/sling-org-apache-sling-tooling-support-install.git,1,752
sling-org-apache-sling-testing-serversetup,https://github.com/apache/sling-org-apache-sling-testing-serversetup.git,3,2.4*1000
sling-org-apache-sling-testing-rules,https://github.com/apache/sling-org-apache-sling-testing-rules.git,3,3.8*1000
sling-org-apache-sling-servlets-get,https://github.com/apache/sling-org-apache-sling-servlets-get.git,5,8.1*1000
sling-org-apache-sling-testing-paxexam,https://github.com/apache/sling-org-apache-sling-testing-paxexam.git,1,6.9*1000
sling-org-apache-sling-servlets-annotations,https://github.com/apache/sling-org-apache-sling-servlets-annotations.git,2,2.1*1000
sling-org-apache-sling-servlet-helpers,https://github.com/apache/sling-org-apache-sling-servlet-helpers.git,1,5.7*1000
sling-org-apache-sling-serviceusermapper,https://github.com/apache/sling-org-apache-sling-serviceusermapper.git,2,3.1*1000
sling-org-apache-sling-testing-hamcrest,https://github.com/apache/sling-org-apache-sling-testing-hamcrest.git,2,1.6*1000
sling-org-apache-sling-serviceuser-webconsole,https://github.com/apache/sling-org-apache-sling-serviceuser-webconsole.git,1,1.5*1000
sling-org-apache-sling-testing-email,https://github.com/apache/sling-org-apache-sling-testing-email.git,1,897
sling-taglib-archetype,https://github.com/apache/sling-taglib-archetype.git,2,531
sling-org-apache-sling-scripting-xproc,https://github.com/apache/sling-org-apache-sling-scripting-xproc.git,2,4.8*1000
sling-slingstart-maven-plugin,https://github.com/apache/sling-slingstart-maven-plugin.git,2,7.5*1000
sling-org-apache-sling-scripting-thymeleaf,https://github.com/apache/sling-org-apache-sling-scripting-thymeleaf.git,2,3.7*1000
sling-org-apache-sling-tenant,https://github.com/apache/sling-org-apache-sling-tenant.git,2,2.1*1000
sling-org-apache-sling-scripting-spi,https://github.com/apache/sling-org-apache-sling-scripting-spi.git,1,1.1*1000
sling-org-apache-sling-tail,https://github.com/apache/sling-org-apache-sling-tail.git,2,1.5*1000
sling-servlet-archetype,https://github.com/apache/sling-servlet-archetype.git,1,1.3*1000
sling-samples,https://github.com/apache/sling-samples.git,27,249.5*1000
sling-project-archetype,https://github.com/apache/sling-project-archetype.git,4,3.5*1000
sling-org-apache-sling-distribution-it,https://github.com/apache/sling-org-apache-sling-distribution-it.git,1,2.8*1000
sling-org-apache-sling-jobs,https://github.com/apache/sling-org-apache-sling-jobs.git,4,4.3*1000
sling-org-apache-sling-commons-log-webconsole,https://github.com/apache/sling-org-apache-sling-commons-log-webconsole.git,2,2.1*1000
sling-org-apache-sling-scripting-sightly-js-provider,https://github.com/apache/sling-org-apache-sling-scripting-sightly-js-provider.git,1,4.9*1000
sling-org-apache-sling-jmx-provider,https://github.com/apache/sling-org-apache-sling-jmx-provider.git,2,1.8*1000
sling-org-apache-sling-scripting-console,https://github.com/apache/sling-org-apache-sling-scripting-console.git,1,5.0*1000
sling-org-apache-sling-scripting-sightly-compiler-java,https://github.com/apache/sling-org-apache-sling-scripting-sightly-compiler-java.git,1,4.9*1000
sling-org-apache-sling-distribution-avro-serializer,https://github.com/apache/sling-org-apache-sling-distribution-avro-serializer.git,1,1.5*1000
sling-org-apache-sling-auth-xing-oauth,https://github.com/apache/sling-org-apache-sling-auth-xing-oauth.git,1,1.3*1000
sling-org-apache-sling-jcr-webdav,https://github.com/apache/sling-org-apache-sling-jcr-webdav.git,2,4.0*1000
sling-org-apache-sling-distribution-api,https://github.com/apache/sling-org-apache-sling-distribution-api.git,1,1.4*1000
sling-org-apache-sling-commons-jcr-file,https://github.com/apache/sling-org-apache-sling-commons-jcr-file.git,1,3.0*1000
sling-org-apache-sling-settings,https://github.com/apache/sling-org-apache-sling-settings.git,4,1.8*1000
sling-org-apache-sling-auth-xing-login,https://github.com/apache/sling-org-apache-sling-auth-xing-login.git,1,1.4*1000
sling-org-apache-sling-jcr-webconsole,https://github.com/apache/sling-org-apache-sling-jcr-webconsole.git,1,843
sling-org-apache-sling-discovery-support,https://github.com/apache/sling-org-apache-sling-discovery-support.git,1,1.5*1000
sling-org-apache-sling-scripting-api,https://github.com/apache/sling-org-apache-sling-scripting-api.git,1,1.9*1000
sling-org-apache-sling-commons-html,https://github.com/apache/sling-org-apache-sling-commons-html.git,1,8.8*1000
sling-org-apache-sling-scripting-jsp-taglib-compat,https://github.com/apache/sling-org-apache-sling-scripting-jsp-taglib-compat.git,1,924
sling-org-apache-sling-installer-factory-subsystems-base,https://github.com/apache/sling-org-apache-sling-installer-factory-subsystems-base.git,1,990
sling-org-apache-sling-auth-xing-api,https://github.com/apache/sling-org-apache-sling-auth-xing-api.git,1,689
sling-org-apache-sling-models-caconfig,https://github.com/apache/sling-org-apache-sling-models-caconfig.git,1,439
sling-org-apache-sling-rewriter,https://github.com/apache/sling-org-apache-sling-rewriter.git,6,10.6*1000
sling-org-apache-sling-commons-fsclassloader,https://github.com/apache/sling-org-apache-sling-commons-fsclassloader.git,1,1.8*1000
sling-org-apache-sling-scripting-jsp-taglib,https://github.com/apache/sling-org-apache-sling-scripting-jsp-taglib.git,1,8.3*1000
sling-org-apache-sling-installer-factory-packages,https://github.com/apache/sling-org-apache-sling-installer-factory-packages.git,1,914
sling-org-apache-sling-jcr-repository-it-resource-versioning,https://github.com/apache/sling-org-apache-sling-jcr-repository-it-resource-versioning.git,1,585
sling-org-apache-sling-discovery-impl,https://github.com/apache/sling-org-apache-sling-discovery-impl.git,1,8.6*1000
sling-org-apache-sling-auth-form,https://github.com/apache/sling-org-apache-sling-auth-form.git,5,4.3*1000
sling-org-apache-sling-resourcemerger,https://github.com/apache/sling-org-apache-sling-resourcemerger.git,2,3.8*1000
sling-org-apache-sling-commons-contentdetection,https://github.com/apache/sling-org-apache-sling-commons-contentdetection.git,1,1.1*1000
sling-org-apache-sling-installer-factory-model,https://github.com/apache/sling-org-apache-sling-installer-factory-model.git,1,1.3*1000
sling-org-apache-sling-auth-core,https://github.com/apache/sling-org-apache-sling-auth-core.git,3,9.7*1000
sling-org-apache-sling-jcr-repoinit,https://github.com/apache/sling-org-apache-sling-jcr-repoinit.git,1,9.6*1000
sling-org-apache-sling-resourcecollection,https://github.com/apache/sling-org-apache-sling-resourcecollection.git,2,1.5*1000
sling-org-apache-sling-installer-factory-deploymentpackage,https://github.com/apache/sling-org-apache-sling-installer-factory-deploymentpackage.git,1,742
sling-org-apache-sling-scripting-jsp,https://github.com/apache/sling-org-apache-sling-scripting-jsp.git,1,94.3*1000
sling-org-apache-sling-jcr-registration,https://github.com/apache/sling-org-apache-sling-jcr-registration.git,1,1.3*1000
sling-org-apache-sling-resourcebuilder,https://github.com/apache/sling-org-apache-sling-resourcebuilder.git,2,2.0*1000
sling-org-apache-sling-scripting-javascript,https://github.com/apache/sling-org-apache-sling-scripting-javascript.git,1,12.8*1000
sling-org-apache-sling-discovery-api,https://github.com/apache/sling-org-apache-sling-discovery-api.git,1,1.0*1000
sling-org-apache-sling-jcr-presence,https://github.com/apache/sling-org-apache-sling-jcr-presence.git,1,1.1*1000
sling-org-apache-sling-resourceaccesssecurity-it,https://github.com/apache/sling-org-apache-sling-resourceaccesssecurity-it.git,1,2.1*1000
sling-org-apache-sling-commons-compiler,https://github.com/apache/sling-org-apache-sling-commons-compiler.git,1,2.2*1000
sling-org-apache-sling-scripting-java,https://github.com/apache/sling-org-apache-sling-scripting-java.git,1,5.8*1000
sling-org-apache-sling-datasource,https://github.com/apache/sling-org-apache-sling-datasource.git,3,2.2*1000
sling-org-apache-sling-jcr-packageinit,https://github.com/apache/sling-org-apache-sling-jcr-packageinit.git,1,818
sling-org-apache-sling-launchpad-test-fragment,https://github.com/apache/sling-org-apache-sling-launchpad-test-fragment.git,1,383
sling-org-apache-sling-commons-classloader,https://github.com/apache/sling-org-apache-sling-commons-classloader.git,3,2.3*1000
sling-org-apache-sling-scripting-groovy,https://github.com/apache/sling-org-apache-sling-scripting-groovy.git,1,1.4*1000
sling-org-apache-sling-installer-console,https://github.com/apache/sling-org-apache-sling-installer-console.git,1,1.1*1000
sling-org-apache-sling-adapter-annotations,https://github.com/apache/sling-org-apache-sling-adapter-annotations.git,2,1.1*1000
sling-org-apache-sling-jcr-oak-server,https://github.com/apache/sling-org-apache-sling-jcr-oak-server.git,2,2.7*1000
sling-org-apache-sling-resource-presence,https://github.com/apache/sling-org-apache-sling-resource-presence.git,1,917
sling-org-apache-sling-scripting-freemarker,https://github.com/apache/sling-org-apache-sling-scripting-freemarker.git,3,3.6*1000
sling-org-apache-sling-launchpad-startupmanager,https://github.com/apache/sling-org-apache-sling-launchpad-startupmanager.git,1,904
sling-org-apache-sling-resource-inventory,https://github.com/apache/sling-org-apache-sling-resource-inventory.git,1,1.1*1000
sling-org-apache-sling-jcr-js-nodetypes,https://github.com/apache/sling-org-apache-sling-jcr-js-nodetypes.git,1,5.6*1000
sling-org-apache-sling-launchpad-installer,https://github.com/apache/sling-org-apache-sling-launchpad-installer.git,3,1.1*1000
sling-org-apache-sling-hc-support,https://github.com/apache/sling-org-apache-sling-hc-support.git,1,895
sling-org-apache-sling-extensions-webconsolesecurityprovider,https://github.com/apache/sling-org-apache-sling-extensions-webconsolesecurityprovider.git,1,1.2*1000
sling-org-apache-sling-contentparser-xml,https://github.com/apache/sling-org-apache-sling-contentparser-xml.git,1,1.1*1000
sling-org-apache-sling-launchpad-contrib-testing,https://github.com/apache/sling-org-apache-sling-launchpad-contrib-testing.git,1,6.7*1000
sling-org-apache-sling-hc-samples,https://github.com/apache/sling-org-apache-sling-hc-samples.git,3,980
sling-org-apache-sling-reqanalyzer,https://github.com/apache/sling-org-apache-sling-reqanalyzer.git,3,1.7*1000
sling-org-apache-sling-commons-cache-container-test,https://github.com/apache/sling-org-apache-sling-commons-cache-container-test.git,1,677
sling-org-apache-sling-contentparser-testutils,https://github.com/apache/sling-org-apache-sling-contentparser-testutils.git,1,618
sling-org-apache-sling-jcr-jackrabbit-base,https://github.com/apache/sling-org-apache-sling-jcr-jackrabbit-base.git,1,1.2*1000
sling-org-apache-sling-hc-junit-bridge,https://github.com/apache/sling-org-apache-sling-hc-junit-bridge.git,1,924
sling-org-apache-sling-extensions-slf4j-mdc,https://github.com/apache/sling-org-apache-sling-extensions-slf4j-mdc.git,1,1.4*1000
sling-org-apache-sling-contentparser-json,https://github.com/apache/sling-org-apache-sling-contentparser-json.git,1,1.6*1000
sling-org-apache-sling-launchpad-api,https://github.com/apache/sling-org-apache-sling-launchpad-api.git,2,571
sling-org-apache-sling-jcr-jackrabbit-accessmanager,https://github.com/apache/sling-org-apache-sling-jcr-jackrabbit-accessmanager.git,2,9.4*1000
sling-org-apache-sling-hc-it,https://github.com/apache/sling-org-apache-sling-hc-it.git,3,628
sling-org-apache-sling-kickstart,https://github.com/apache/sling-org-apache-sling-kickstart.git,3,5.3*1000
sling-org-apache-sling-contentparser-api,https://github.com/apache/sling-org-apache-sling-contentparser-api.git,1,861
sling-org-apache-sling-jcr-filetransfer,https://github.com/apache/sling-org-apache-sling-jcr-filetransfer.git,1,1.3*1000
sling-org-apache-sling-query,https://github.com/apache/sling-org-apache-sling-query.git,10,9.4*1000
sling-org-apache-sling-connection-timeout-agent,https://github.com/apache/sling-org-apache-sling-connection-timeout-agent.git,1,2.2*1000
sling-org-apache-sling-extensions-classloader-leak-detector,https://github.com/apache/sling-org-apache-sling-extensions-classloader-leak-detector.git,2,754
sling-org-apache-sling-hc-api,https://github.com/apache/sling-org-apache-sling-hc-api.git,1,2.1*1000
sling-org-apache-sling-provisioning-model,https://github.com/apache/sling-org-apache-sling-provisioning-model.git,1,6.7*1000
sling-launchpad-comparator,https://github.com/apache/sling-launchpad-comparator.git,1,1.3*1000
sling-org-apache-sling-jcr-davex,https://github.com/apache/sling-org-apache-sling-jcr-davex.git,2,913
sling-org-apache-sling-cassandra,https://github.com/apache/sling-org-apache-sling-cassandra.git,2,3.4*1000
sling-org-apache-sling-event-dea,https://github.com/apache/sling-org-apache-sling-event-dea.git,1,1.6*1000
sling-kickstart-maven-plugin,https://github.com/apache/sling-kickstart-maven-plugin.git,1,2.8*1000
sling-org-apache-sling-jcr-contentparser,https://github.com/apache/sling-org-apache-sling-jcr-contentparser.git,1,4.0*1000
sling-org-apache-sling-event-api,https://github.com/apache/sling-org-apache-sling-event-api.git,1,2.4*1000
sling-org-apache-sling-commons-threaddump,https://github.com/apache/sling-org-apache-sling-commons-threaddump.git,2,791
sling-org-apache-sling-performance,https://github.com/apache/sling-org-apache-sling-performance.git,2,4.1*1000
sling-org-apache-sling-commons-testing,https://github.com/apache/sling-org-apache-sling-commons-testing.git,1,10.2*1000
sling-jcrinstall-bundle-archetype,https://github.com/apache/sling-jcrinstall-bundle-archetype.git,1,663
sling-org-apache-sling-jcr-classloader,https://github.com/apache/sling-org-apache-sling-jcr-classloader.git,2,3.5*1000
sling-org-apache-sling-paxexam-util,https://github.com/apache/sling-org-apache-sling-paxexam-util.git,1,1.2*1000
sling-org-apache-sling-caconfig-spi,https://github.com/apache/sling-org-apache-sling-caconfig-spi.git,1,2.2*1000
sling-org-apache-sling-junit-teleporter,https://github.com/apache/sling-org-apache-sling-junit-teleporter.git,1,2.4*1000
sling-org-apache-sling-commons-scheduler,https://github.com/apache/sling-org-apache-sling-commons-scheduler.git,3,7.3*1000
sling-org-apache-sling-oak-restrictions,https://github.com/apache/sling-org-apache-sling-oak-restrictions.git,1,1.1*1000
sling-org-apache-sling-hapi,https://github.com/apache/sling-org-apache-sling-hapi.git,2,3.1*1000
sling-org-apache-sling-jcr-base,https://github.com/apache/sling-org-apache-sling-jcr-base.git,1,12.2*1000
sling-org-apache-sling-caconfig-integration-tests,https://github.com/apache/sling-org-apache-sling-caconfig-integration-tests.git,1,1.2*1000
sling-org-apache-sling-dynamic-include,https://github.com/apache/sling-org-apache-sling-dynamic-include.git,16,5.0*1000
sling-ide-tooling,https://github.com/apache/sling-ide-tooling.git,4,56.4*1000
sling-org-apache-sling-jcr-api,https://github.com/apache/sling-org-apache-sling-jcr-api.git,2,1.9*1000
sling-org-apache-sling-commons-osgi,https://github.com/apache/sling-org-apache-sling-commons-osgi.git,1,4.5*1000
sling-org-apache-sling-nosql-mongodb-resourceprovider,https://github.com/apache/sling-org-apache-sling-nosql-mongodb-resourceprovider.git,2,1.0*1000
sling-org-apache-sling-caconfig-impl,https://github.com/apache/sling-org-apache-sling-caconfig-impl.git,1,16.6*1000
sling-org-apache-sling-distribution-sample,https://github.com/apache/sling-org-apache-sling-distribution-sample.git,5,1.1*1000
sling-org-apache-sling-commons-mime,https://github.com/apache/sling-org-apache-sling-commons-mime.git,1,6.0*1000
sling-org-apache-sling-caconfig-bnd-plugin,https://github.com/apache/sling-org-apache-sling-caconfig-bnd-plugin.git,2,666
sling-org-apache-sling-distribution-kryo-serializer,https://github.com/apache/sling-org-apache-sling-distribution-kryo-serializer.git,1,1.1*1000
sling-org-apache-sling-commons-metrics-rrd4j,https://github.com/apache/sling-org-apache-sling-commons-metrics-rrd4j.git,1,1.7*1000
sling-org-apache-sling-installer-provider-jcr,https://github.com/apache/sling-org-apache-sling-installer-provider-jcr.git,3,3.8*1000
sling-org-apache-sling-nosql-generic,https://github.com/apache/sling-org-apache-sling-nosql-generic.git,2,3.0*1000
sling-org-apache-sling-caconfig-api,https://github.com/apache/sling-org-apache-sling-caconfig-api.git,3,825
sling-org-apache-sling-distribution-journal-messages,https://github.com/apache/sling-org-apache-sling-distribution-journal-messages.git,2,1.5*1000
sling-org-apache-sling-nosql-couchbase-resourceprovider,https://github.com/apache/sling-org-apache-sling-nosql-couchbase-resourceprovider.git,1,1.0*1000
sling-bundle-archetype,https://github.com/apache/sling-bundle-archetype.git,2,657
sling-org-apache-sling-bundleresource-impl,https://github.com/apache/sling-org-apache-sling-bundleresource-impl.git,1,4.9*1000
sling-org-apache-sling-distribution-journal-kafka,https://github.com/apache/sling-org-apache-sling-distribution-journal-kafka.git,1,2.0*1000
sling-org-apache-sling-nosql-couchbase-client,https://github.com/apache/sling-org-apache-sling-nosql-couchbase-client.git,1,867
sling-org-apache-sling-bnd-plugin-headers-parameters-remove,https://github.com/apache/sling-org-apache-sling-bnd-plugin-headers-parameters-remove.git,1,585
sling-org-apache-sling-distribution-journal-it,https://github.com/apache/sling-org-apache-sling-distribution-journal-it.git,1,3.6*1000
sling-org-apache-sling-mongodb,https://github.com/apache/sling-org-apache-sling-mongodb.git,3,1.8*1000
sling-org-apache-sling-jobs-it-services,https://github.com/apache/sling-org-apache-sling-jobs-it-services.git,1,758
sling-org-apache-sling-installer-it,https://github.com/apache/sling-org-apache-sling-installer-it.git,2,5.7*1000
sling-org-apache-sling-file-optimization,https://github.com/apache/sling-org-apache-sling-file-optimization.git,1,2.8*1000
sling-org-apache-sling-bnd-models,https://github.com/apache/sling-org-apache-sling-bnd-models.git,3,865
sling-org-apache-sling-mom,https://github.com/apache/sling-org-apache-sling-mom.git,2,843
sling-adapter-annotations,https://github.com/apache/sling-adapter-annotations.git,2,467
sling-org-apache-sling-installer-hc,https://github.com/apache/sling-org-apache-sling-installer-hc.git,2,720
sling-org-apache-sling-jobs-it,https://github.com/apache/sling-org-apache-sling-jobs-it.git,1,880
sling-org-apache-sling-commons-logservice,https://github.com/apache/sling-org-apache-sling-commons-logservice.git,1,702
sling-org-apache-sling-featureflags,https://github.com/apache/sling-org-apache-sling-featureflags.git,2,1.2*1000
sling-org-apache-sling-feature-resolver,https://github.com/apache/sling-org-apache-sling-feature-resolver.git,1,2.3*1000
sling-org-apache-sling-feature-r2f,https://github.com/apache/sling-org-apache-sling-feature-r2f.git,1,1.0*1000
sling-org-apache-sling-feature-modelconverter,https://github.com/apache/sling-org-apache-sling-feature-modelconverter.git,1,4.0*1000
sling-org-apache-sling-feature-karaf,https://github.com/apache/sling-org-apache-sling-feature-karaf.git,2,696
sling-org-apache-sling-feature-inventoryprinter,https://github.com/apache/sling-org-apache-sling-feature-inventoryprinter.git,1,625
sling-org-apache-sling-feature-extension-content,https://github.com/apache/sling-org-apache-sling-feature-extension-content.git,2,798
sling-org-apache-sling-feature-diff,https://github.com/apache/sling-org-apache-sling-feature-diff.git,1,1.7*1000
sling-org-apache-sling-feature-apiregions-model,https://github.com/apache/sling-org-apache-sling-feature-apiregions-model.git,1,1.8*1000
sling-org-apache-sling-feature-apiregions,https://github.com/apache/sling-org-apache-sling-feature-apiregions.git,2,3.6*1000
sling-feature-converter-maven-plugin,https://github.com/apache/sling-feature-converter-maven-plugin.git,1,5.3*1000
servicecomb-pack,https://github.com/apache/servicecomb-pack.git,1.9k,77.2*1000
juddi,https://github.com/apache/juddi.git,15,913.8*1000
pdfbox-jbig2,https://github.com/apache/pdfbox-jbig2.git,9,17.5*1000
geronimo-txmanager,https://github.com/apache/geronimo-txmanager.git,5,18.7*1000
tomcat-maven-plugin,https://github.com/apache/tomcat-maven-plugin.git,144,44.2*1000
geronimo-specs,https://github.com/apache/geronimo-specs.git,18,330.8*1000
nifi-registry,https://github.com/apache/nifi-registry.git,104,161.9*1000
portals-pluto,https://github.com/apache/portals-pluto.git,25,575.0*1000
nutch-webapp,https://github.com/apache/nutch-webapp.git,4,11.4*1000
samza-hello-samza,https://github.com/apache/samza-hello-samza.git,103,11.8*1000
tomee-chatterbox,https://github.com/apache/tomee-chatterbox.git,3,16.1*1000
logging-chainsaw,https://github.com/apache/logging-chainsaw.git,6,46.1*1000
incubator-crail,https://github.com/apache/incubator-crail.git,134,33.1*1000
metamodel,https://github.com/apache/metamodel.git,147,137.7*1000
datasketches-vector,https://github.com/apache/datasketches-vector.git,11,4.8*1000
openwhisk-intellij-plugin,https://github.com/apache/openwhisk-intellij-plugin.git,6,18.2*1000
apex-core,https://github.com/apache/apex-core.git,347,140.9*1000
dubbo-benchmark,https://github.com/apache/dubbo-benchmark.git,37,9.3*1000
datasketches-hive,https://github.com/apache/datasketches-hive.git,36,21.4*1000
felix-atomos,https://github.com/apache/felix-atomos.git,28,26.5*1000
incubator-weex-playground,https://github.com/apache/incubator-weex-playground.git,42,190.4*1000
reef,https://github.com/apache/reef.git,96,354.5*1000
tomcat-jakartaee-migration,https://github.com/apache/tomcat-jakartaee-migration.git,48,3.9*1000
tomcat-taglibs-standard,https://github.com/apache/tomcat-taglibs-standard.git,2,56.8*1000
tomcat-taglibs-rdc,https://github.com/apache/tomcat-taglibs-rdc.git,1,42.1*1000
phoenix-tephra,https://github.com/apache/phoenix-tephra.git,28,105.6*1000
servicemix-specs,https://github.com/apache/servicemix-specs.git,1,43.8*1000
bval,https://github.com/apache/bval.git,30,38.6*1000
activemq-openwire,https://github.com/apache/activemq-openwire.git,5,130.2*1000
activemq-nms-openwire-generator,https://github.com/apache/activemq-nms-openwire-generator.git,2,3.5*1000
activemq-cli-tools,https://github.com/apache/activemq-cli-tools.git,7,3.8*1000
sqoop,https://github.com/apache/sqoop.git,869,153.1*1000
servicecomb-saga-actuator,https://github.com/apache/servicecomb-saga-actuator.git,490,25.2*1000
accumulo-wikisearch,https://github.com/apache/accumulo-wikisearch.git,10,45.1*1000
fluo,https://github.com/apache/fluo.git,169,52.4*1000
accumulo-proxy,https://github.com/apache/accumulo-proxy.git,6,377.8*1000
qpid-jms-amqp-0-x,https://github.com/apache/qpid-jms-amqp-0-x.git,2,146.6*1000
datasketches-memory16,https://github.com/apache/datasketches-memory16.git,2,1.9*1000
karaf-cellar,https://github.com/apache/karaf-cellar.git,41,73.2*1000
karaf-cave,https://github.com/apache/karaf-cave.git,17,27.3*1000
openwhisk-runtime-ballerina,https://github.com/apache/openwhisk-runtime-ballerina.git,7,2.4*1000
datasketches-pig,https://github.com/apache/datasketches-pig.git,9,27.6*1000
netbeans-mavenutils-nbm-maven-harness,https://github.com/apache/netbeans-mavenutils-nbm-maven-harness.git,1,129
netbeans-mavenutils-archetype-netbeans-platform-app-archetype,https://github.com/apache/netbeans-mavenutils-archetype-netbeans-platform-app-archetype.git,2,255
freemarker-online-tester,https://github.com/apache/freemarker-online-tester.git,54,5.0*1000
geronimo-config,https://github.com/apache/geronimo-config.git,15,5.3*1000
netbeans-mavenutils-nb-repository-plugin,https://github.com/apache/netbeans-mavenutils-nb-repository-plugin.git,1,1.9*1000
netbeans-mavenutils-nbm-shared,https://github.com/apache/netbeans-mavenutils-nbm-shared.git,1,821
fineract-cn-command,https://github.com/apache/fineract-cn-command.git,3,2.2*1000
fineract-cn-data-jpa,https://github.com/apache/fineract-cn-data-jpa.git,2,1.8*1000
samza-beam-examples,https://github.com/apache/samza-beam-examples.git,6,1.9*1000
flex-blazeds,https://github.com/apache/flex-blazeds.git,44,117.1*1000
crunch,https://github.com/apache/crunch.git,101,127.8*1000
fineract-cn-rhythm,https://github.com/apache/fineract-cn-rhythm.git,2,5.9*1000
fineract-cn-template,https://github.com/apache/fineract-cn-template.git,7,2.5*1000
fineract-cn-crypto,https://github.com/apache/fineract-cn-crypto.git,3,2.1*1000
nifi-minifi,https://github.com/apache/nifi-minifi.git,111,76.1*1000
geode-kafka-connector,https://github.com/apache/geode-kafka-connector.git,4,5.6*1000
fineract-cn-office,https://github.com/apache/fineract-cn-office.git,4,7.5*1000
fineract-cn-api,https://github.com/apache/fineract-cn-api.git,4,2.5*1000
fineract-cn-reporting,https://github.com/apache/fineract-cn-reporting.git,5,6.3*1000
fineract-cn-payroll,https://github.com/apache/fineract-cn-payroll.git,7,5.2*1000
rya,https://github.com/apache/rya.git,103,496.8*1000
mina-vysper,https://github.com/apache/mina-vysper.git,11,93.6*1000
derby,https://github.com/apache/derby.git,265,1.8*1000000
axis-axis1-java,https://github.com/apache/axis-axis1-java.git,3,466.7*1000
usergrid,https://github.com/apache/usergrid.git,999,437.2*1000
accumulo-classloaders,https://github.com/apache/accumulo-classloaders.git,2,5.5*1000
ambari-metrics,https://github.com/apache/ambari-metrics.git,23,92.5*1000
ambari-infra,https://github.com/apache/ambari-infra.git,8,31.0*1000
abdera,https://github.com/apache/abdera.git,16,122.9*1000
karaf-winegrower,https://github.com/apache/karaf-winegrower.git,13,15.6*1000
streams,https://github.com/apache/streams.git,70,169.2*1000
fineract-cn-interoperation,https://github.com/apache/fineract-cn-interoperation.git,2,6.1*1000
juneau-petstore,https://github.com/apache/juneau-petstore.git,9,34.8*1000
fluo-examples,https://github.com/apache/fluo-examples.git,2,14.3*1000
fluo-recipes,https://github.com/apache/fluo-recipes.git,9,13.5*1000
accumulo-maven-plugin,https://github.com/apache/accumulo-maven-plugin.git,5,2.8*1000
accumulo-instamo-archetype,https://github.com/apache/accumulo-instamo-archetype.git,3,940
joshua,https://github.com/apache/joshua.git,95,185.4*1000
openwebbeans-peeco,https://github.com/apache/openwebbeans-peeco.git,1,2.4*1000
eagle,https://github.com/apache/eagle.git,411,433.4*1000
dolphinscheduler-maven-plugin,https://github.com/apache/dolphinscheduler-maven-plugin.git,7,2.7*1000
shardingsphere-acceptance-test,https://github.com/apache/shardingsphere-acceptance-test.git,4,31.7*1000
shardingsphere-example,https://github.com/apache/shardingsphere-example.git,908,12.8*1000
metron,https://github.com/apache/metron.git,831,588.1*1000
logging-log4j-audit,https://github.com/apache/logging-log4j-audit.git,20,95.7*1000
shardingsphere-elasticjob-cloud,https://github.com/apache/shardingsphere-elasticjob-cloud.git,247,76.0*1000
incubator-retired-tamaya-extensions,https://github.com/apache/incubator-retired-tamaya-extensions.git,2,57.8*1000
oltu,https://github.com/apache/oltu.git,159,30.1*1000
fineract-cn-teller,https://github.com/apache/fineract-cn-teller.git,3,10.9*1000
shardingsphere-elasticjob-example,https://github.com/apache/shardingsphere-elasticjob-example.git,193,1.8*1000
opennlp-addons,https://github.com/apache/opennlp-addons.git,10,9.4*1000
santuario-java,https://github.com/apache/santuario-java.git,24,349.7*1000
fineract-cn-notifications,https://github.com/apache/fineract-cn-notifications.git,4,17.0*1000
fineract-cn-portfolio,https://github.com/apache/fineract-cn-portfolio.git,6,35.5*1000
fineract-cn-group,https://github.com/apache/fineract-cn-group.git,3,7.3*1000
tajo,https://github.com/apache/tajo.git,131,457.0*1000
fineract-cn-permitted-feign-client,https://github.com/apache/fineract-cn-permitted-feign-client.git,2,2.9*1000
geronimo-gshell,https://github.com/apache/geronimo-gshell.git,2,64.1*1000
fineract-cn-identity,https://github.com/apache/fineract-cn-identity.git,6,13.9*1000
fineract-cn-service-starter,https://github.com/apache/fineract-cn-service-starter.git,2,2.1*1000
geronimo-safeguard,https://github.com/apache/geronimo-safeguard.git,5,4.2*1000
incubator-taverna-common-activities,https://github.com/apache/incubator-taverna-common-activities.git,11,38.7*1000
fineract-cn-default-setup,https://github.com/apache/fineract-cn-default-setup.git,2,1.2*1000
fineract-cn-demo-server,https://github.com/apache/fineract-cn-demo-server.git,20,4.1*1000
ofbiz,https://github.com/apache/ofbiz.git,731,1.3*1000000
fineract-cn-async,https://github.com/apache/fineract-cn-async.git,2,1.1*1000
fineract-cn-cassandra,https://github.com/apache/fineract-cn-cassandra.git,2,2.2*1000
fineract-cn-test,https://github.com/apache/fineract-cn-test.git,3,2.9*1000
fineract-cn-lang,https://github.com/apache/fineract-cn-lang.git,3,3.8*1000
axis-axis2-java-transports,https://github.com/apache/axis-axis2-java-transports.git,1,6.9*1000
axis-axis2-java-sandesha,https://github.com/apache/axis-axis2-java-sandesha.git,1,54.0*1000
axis-axis2-java-kandula,https://github.com/apache/axis-axis2-java-kandula.git,1,13.2*1000
uima-as_old,https://github.com/apache/uima-as_old.git,10,130.3*1000
any23-server,https://github.com/apache/any23-server.git,3,6.5*1000
incubator-sdap-ningester,https://github.com/apache/incubator-sdap-ningester.git,4,6.1*1000
twill,https://github.com/apache/twill.git,66,43.5*1000
incubator-taverna-language,https://github.com/apache/incubator-taverna-language.git,22,162.1*1000
incubator-taverna-plugin-gis,https://github.com/apache/incubator-taverna-plugin-gis.git,3,3.0*1000
incubator-taverna-osgi,https://github.com/apache/incubator-taverna-osgi.git,2,9.8*1000
incubator-taverna-server,https://github.com/apache/incubator-taverna-server.git,4,62.0*1000
incubator-taverna-workbench-common-activities,https://github.com/apache/incubator-taverna-workbench-common-activities.git,3,22.5*1000
incubator-taverna-workbench,https://github.com/apache/incubator-taverna-workbench.git,5,123.5*1000
incubator-taverna-commandline,https://github.com/apache/incubator-taverna-commandline.git,4,10.0*1000
incubator-taverna-engine,https://github.com/apache/incubator-taverna-engine.git,16,94.0*1000
incubator-taverna-mobile,https://github.com/apache/incubator-taverna-mobile.git,14,15.8*1000
aries-journaled-events,https://github.com/apache/aries-journaled-events.git,2,132.4*1000
incubator-atlas,https://github.com/apache/incubator-atlas.git,95,217.8*1000
incubator-samoa,https://github.com/apache/incubator-samoa.git,238,60.9*1000
aurora,https://github.com/apache/aurora.git,625,227.8*1000
servicemix,https://github.com/apache/servicemix.git,137,33.3*1000
servicemix4-bundles,https://github.com/apache/servicemix4-bundles.git,18,289.1*1000
incubator-sdap-mudrod,https://github.com/apache/incubator-sdap-mudrod.git,11,25.6*1000
hama,https://github.com/apache/hama.git,130,84.5*1000
incubator-optiq-linq4j,https://github.com/apache/incubator-optiq-linq4j.git,3,33.3*1000
incubator-optiq-csv,https://github.com/apache/incubator-optiq-csv.git,2,3.2*1000
geronimo-genesis,https://github.com/apache/geronimo-genesis.git,2,2.1*1000
asterixdb-hyracks,https://github.com/apache/asterixdb-hyracks.git,16,1.9*1000000
mina-asyncweb,https://github.com/apache/mina-asyncweb.git,2,28.7*1000
incubator-twill,https://github.com/apache/incubator-twill.git,2,39.5*1000
tuscany-sdo,https://github.com/apache/tuscany-sdo.git,6,112.1*1000
tapestry3,https://github.com/apache/tapestry3.git,4,215.4*1000
ant-ivyde,https://github.com/apache/ant-ivyde.git,9,44.0*1000
ode,https://github.com/apache/ode.git,43,542.3*1000
incubator-retired-tamaya-sandbox,https://github.com/apache/incubator-retired-tamaya-sandbox.git,2,28.9*1000
rocketmq-ons,https://github.com/apache/rocketmq-ons.git,20,8.6*1000
any23-plugins,https://github.com/apache/any23-plugins.git,1,8.0*1000
ctakes,https://github.com/apache/ctakes.git,80,3.5*1000000
apex-malhar,https://github.com/apache/apex-malhar.git,131,491.9*1000
incubator-batchee,https://github.com/apache/incubator-batchee.git,13,65.3*1000
maven-plugins,https://github.com/apache/maven-plugins.git,241,551.6*1000
incubator-retired-tamaya,https://github.com/apache/incubator-retired-tamaya.git,44,33.6*1000
uima-ducc,https://github.com/apache/uima-ducc.git,9,476.8*1000
distributedlog,https://github.com/apache/distributedlog.git,172,217.9*1000
incubator-retired-edgent,https://github.com/apache/incubator-retired-edgent.git,204,93.9*1000
incubator-myriad,https://github.com/apache/incubator-myriad.git,154,68.7*1000
hadoop-mapreduce,https://github.com/apache/hadoop-mapreduce.git,97,419.5*1000
dubbo-sentinel-support,https://github.com/apache/dubbo-sentinel-support.git,52,1.4*1000
geronimo,https://github.com/apache/geronimo.git,33,708.5*1000
servicemix4-kernel,https://github.com/apache/servicemix4-kernel.git,4,34.8*1000
servicemix3,https://github.com/apache/servicemix3.git,3,143.7*1000
uima-addons,https://github.com/apache/uima-addons.git,10,419.4*1000
directmemory,https://github.com/apache/directmemory.git,52,44.9*1000
servicemix-utils,https://github.com/apache/servicemix-utils.git,3,20.0*1000
shindig,https://github.com/apache/shindig.git,67,307.5*1000
servicemix4-nmr,https://github.com/apache/servicemix4-nmr.git,4,46.2*1000
manifoldcf-integration-solr-3.x,https://github.com/apache/manifoldcf-integration-solr-3.x.git,1,2.4*1000
incubator-sentry,https://github.com/apache/incubator-sentry.git,36,203.0*1000
servicemix4-features,https://github.com/apache/servicemix4-features.git,14,44.2*1000
continuum,https://github.com/apache/continuum.git,7,210.9*1000
jackrabbit-ocm,https://github.com/apache/jackrabbit-ocm.git,2,41.3*1000
pivot,https://github.com/apache/pivot.git,28,226.9*1000
metamodel-membrane,https://github.com/apache/metamodel-membrane.git,16,6.3*1000
xalan-j,https://github.com/apache/xalan-j.git,24,398.9*1000
maven-repository-plugin,https://github.com/apache/maven-repository-plugin.git,1,5.3*1000
cordova-amazon-fireos,https://github.com/apache/cordova-amazon-fireos.git,20,58.8*1000
wookie,https://github.com/apache/wookie.git,5,158.6*1000
chukwa,https://github.com/apache/chukwa.git,80,181.1*1000
jclouds-examples,https://github.com/apache/jclouds-examples.git,15,17.3*1000
polygene-java,https://github.com/apache/polygene-java.git,89,287.1*1000
predictionio-template-java-ecom-recommender,https://github.com/apache/predictionio-template-java-ecom-recommender.git,37,1.7*1000
activemq-apollo,https://github.com/apache/activemq-apollo.git,145,165.7*1000
rampart,https://github.com/apache/rampart.git,2,66.6*1000
falcon,https://github.com/apache/falcon.git,97,289.2*1000
logging-log4j-audit-sample,https://github.com/apache/logging-log4j-audit-sample.git,6,2.2*1000
sling-org-apache-sling-bnd-plugins,https://github.com/apache/sling-org-apache-sling-bnd-plugins.git,1,574
sling-org-apache-sling-feature-applicationbuilder,https://github.com/apache/sling-org-apache-sling-feature-applicationbuilder.git,1,788
juddi-scout,https://github.com/apache/juddi-scout.git,2,58.0*1000
vxquery,https://github.com/apache/vxquery.git,19,177.1*1000
ant-easyant-core,https://github.com/apache/ant-easyant-core.git,3,32.4*1000
ftpserver,https://github.com/apache/ftpserver.git,70,45.8*1000
stratos,https://github.com/apache/stratos.git,153,1.7*1000000
incubator-retired-slider,https://github.com/apache/incubator-retired-slider.git,79,255.1*1000
manifoldcf-integration-elasticsearch,https://github.com/apache/manifoldcf-integration-elasticsearch.git,1,1.9*1000
incubator-retired-htrace,https://github.com/apache/incubator-retired-htrace.git,102,75.8*1000
streams-examples,https://github.com/apache/streams-examples.git,5,10.3*1000
myfaces-trinidad-maven,https://github.com/apache/myfaces-trinidad-maven.git,2,73.1*1000
incubator-retired-wave,https://github.com/apache/incubator-retired-wave.git,186,404.0*1000
incubator-retired-blur,https://github.com/apache/incubator-retired-blur.git,33,492.5*1000
mrunit,https://github.com/apache/mrunit.git,37,18.5*1000
lenya,https://github.com/apache/lenya.git,17,135.7*1000
hadoop-hdfs,https://github.com/apache/hadoop-hdfs.git,162,201.3*1000
rave,https://github.com/apache/rave.git,15,172.6*1000
wink,https://github.com/apache/wink.git,20,232.1*1000
incubator-retired-s4,https://github.com/apache/incubator-retired-s4.git,40,23.5*1000
click,https://github.com/apache/click.git,8,195.7*1000
incubator-retired-gossip,https://github.com/apache/incubator-retired-gossip.git,236,14.7*1000
dubbo-rpc-jsonrpc,https://github.com/apache/dubbo-rpc-jsonrpc.git,186,1.0*1000
tomcat80,https://github.com/apache/tomcat80.git,116,711.3*1000
predictionio-sdk-java,https://github.com/apache/predictionio-sdk-java.git,108,2.7*1000
whirr,https://github.com/apache/whirr.git,96,50.8*1000
harmony,https://github.com/apache/harmony.git,69,2.5*1000000
hcatalog,https://github.com/apache/hcatalog.git,60,90.0*1000
incubator-tez,https://github.com/apache/incubator-tez.git,59,204.3*1000
incubator-retired-pirk,https://github.com/apache/incubator-retired-pirk.git,58,123.2*1000
odftoolkit,https://github.com/apache/odftoolkit.git,37,676.6*1000
sanselan,https://github.com/apache/sanselan.git,34,101.1*1000
incubator-retired-horn,https://github.com/apache/incubator-retired-horn.git,29,10.2*1000
tuscany-sca-2.x,https://github.com/apache/tuscany-sca-2.x.git,24,581.7*1000
incubator-tajo,https://github.com/apache/incubator-tajo.git,23,92.5*1000
ddlutils,https://github.com/apache/ddlutils.git,20,95.7*1000
activemq-protobuf,https://github.com/apache/activemq-protobuf.git,18,12.6*1000
incubator-retired-mrql,https://github.com/apache/incubator-retired-mrql.git,17,38.4*1000
etch,https://github.com/apache/etch.git,17,322.4*1000
incubator-retired-openaz,https://github.com/apache/incubator-retired-openaz.git,16,772.1*1000
incubator-retired-edgent-samples,https://github.com/apache/incubator-retired-edgent-samples.git,15,15.0*1000
log4j-extras,https://github.com/apache/log4j-extras.git,15,36.9*1000
usergrid-android,https://github.com/apache/usergrid-android.git,10,5.3*1000
chainsaw,https://github.com/apache/chainsaw.git,10,48.8*1000
cayenne-modeler,https://github.com/apache/cayenne-modeler.git,9,11.9*1000
usergrid-java,https://github.com/apache/usergrid-java.git,9,6.0*1000
incubator-retired-wave-android,https://github.com/apache/incubator-retired-wave-android.git,9,9.4*1000
karaf-boot,https://github.com/apache/karaf-boot.git,8,3.3*1000
tomcat55,https://github.com/apache/tomcat55.git,8,522.7*1000
skywalking-oal-tool,https://github.com/apache/skywalking-oal-tool.git,8,5.3*1000
servicemix4-specs,https://github.com/apache/servicemix4-specs.git,8,34.6*1000
karaf-eik,https://github.com/apache/karaf-eik.git,6,66.2*1000
uima-sandbox,https://github.com/apache/uima-sandbox.git,6,57.0*1000
karaf-webconsole,https://github.com/apache/karaf-webconsole.git,6,40.4*1000
kalumet,https://github.com/apache/kalumet.git,6,80.6*1000
harmony-classlib,https://github.com/apache/harmony-classlib.git,5,1.9*1000000
incubator-retired-provisionr,https://github.com/apache/incubator-retired-provisionr.git,5,26.9*1000
log4j-zeroconf,https://github.com/apache/log4j-zeroconf.git,5,2.0*1000
incubator-ambari,https://github.com/apache/incubator-ambari.git,5,1.2*1000000
activemq-activeio,https://github.com/apache/activemq-activeio.git,5,9.9*1000
geronimo-devtools,https://github.com/apache/geronimo-devtools.git,4,231.6*1000
harmony-jdktools,https://github.com/apache/harmony-jdktools.git,4,104.0*1000
jsecurity,https://github.com/apache/jsecurity.git,4,254
kandula,https://github.com/apache/kandula.git,4,13.2*1000
logging-log4j-boot,https://github.com/apache/logging-log4j-boots.git,4,2.5*1000
incubator-milagro-java,https://github.com/apache/incubator-milagro-java.git,3,152.1*1000
ant-easyant-plugins,https://github.com/apache/ant-easyant-plugins.git,3,10.7*1000
ant-easyant-tasks,https://github.com/apache/ant-easyant-tasks.git,3,3.1*1000
river-container,https://github.com/apache/river-container.git,3,26.6*1000
usergrid-qakka,https://github.com/apache/usergrid-qakka.git,2,4.6*1000
openwhisk-sample-matos,https://github.com/apache/openwhisk-sample-matos.git,2,2.4*1000
dubbo-serializtion-gson,https://github.com/apache/dubbo-serialization-gson.git,2,918
ant-easyant-buildtypes,https://github.com/apache/ant-easyant-buildtypes.git,2,2.3*1000
geronimo-yoko,https://github.com/apache/geronimo-yoko.git,2,385.4*1000
nuvem,https://github.com/apache/nuvem.git,2,20.3*1000
clerezza-rdf-core,https://github.com/apache/clerezza-rdf-core.git,2,7.4*1000
manifoldcf-integration-solr-7.x,https://github.com/apache/manifoldcf-integration-solr-7.x.git,2,2.5*1000
manifoldcf-integration-elasticsearch-5.5,https://github.com/apache/manifoldcf-integration-elasticsearch-5.5.git,1,1.9*1000
manifoldcf-integration-solr-6.x,https://github.com/apache/manifoldcf-integration-solr-6.x.git,1,2.5*1000
karaf-reactive-components,https://github.com/apache/karaf-reactive-components.git,1,3.8*1000
sandesha,https://github.com/apache/sandesha.git,1,54.0*1000
commons-signing,https://github.com/apache/commons-signing.git,1,991
